,username,datetime,comment,likes,url
0,zrmanningrn,2020-01-26T14:20:29.000Z,Miss seeing you and @alexshibutani on the ice here in Greensboro. Itâ€™s just not the same without the @shibsibs . Hope you are healing well.,Reply,https://www.instagram.com/p/B7w6fNyABcm/
1,dianeshumway1986,2020-01-26T15:46:02.000Z,I was thinking about you two last night as my mom and I watched nationals.  You are in our thought and prayers.  Sending good vibes always ğŸ’•,Reply,https://www.instagram.com/p/B7w6fNyABcm/
2,karin_yuriandnaru331,2020-01-26T16:56:37.000Z,ğŸŒ„HAPPY NEW YEAR!!ğŸŒ‡2020ğŸŒˆ,Reply,https://www.instagram.com/p/B7w6fNyABcm/
3,benjaminmotta,2020-01-26T16:56:42.000Z,Nice ğŸ“¸!!!,Reply,https://www.instagram.com/p/B7w6fNyABcm/
4,lorileung9678,2020-01-26T17:31:45.000Z,"Slow and steady wins the race. Just keep her mind occupied and slowly get back to skating. She will be fine ğŸ˜˜. From a kidney cancer survivor, we are strong.",Reply,https://www.instagram.com/p/B7w6fNyABcm/
5,ferreiraleitebeatriz,2020-01-26T18:21:57.000Z,ğŸ™ğŸ»ğŸ™ğŸ»ğŸ™ğŸ»ğŸ™ŒğŸ¼ğŸ™ŒğŸ¼ğŸ’ğŸ’ğŸ˜˜,Reply,https://www.instagram.com/p/B7w6fNyABcm/
6,jyfigure,2020-01-26T19:48:56.000Z,A warrior ğŸ’•ğŸ’•ğŸ’•ğŸ’•. Can't wait to see her healthy and steady and on the rink again,Reply,https://www.instagram.com/p/B7w6fNyABcm/
7,tavi_975,2020-01-26T20:47:33.000Z,ğŸ’ªğŸ»ğŸ’ªğŸ»,Reply,https://www.instagram.com/p/B7w6fNyABcm/
8,yz.cristal,2020-01-27T01:41:12.000Z,ğŸ’“ğŸ’“ğŸ’“(`ï½¥Ï‰ï½¥Â´)9,Reply,https://www.instagram.com/p/B7w6fNyABcm/
9,yoonico__,2020-01-27T02:51:04.000Z,ğŸ’ªğŸ»ğŸ’ªğŸ»ğŸ˜Š,Reply,https://www.instagram.com/p/B7w6fNyABcm/
10,natsuphotos,2020-01-27T02:53:50.000Z,sending all the love i have to maia and you ğŸ’›ğŸ’›ğŸ’›ğŸ’›ğŸ’›ğŸ’›ğŸ’›ğŸ’›ğŸ’›ğŸ’›ğŸ’›ğŸ’›ğŸ’›ğŸ’›,Reply,https://www.instagram.com/p/B7w6fNyABcm/
11,_linchan25,2020-01-27T07:12:47.000Z,Aww â¤ï¸,Reply,https://www.instagram.com/p/B7w6fNyABcm/
12,st.efania2110,2020-01-27T07:20:36.000Z,I wish .all the best to .Maya all the time im thinking of she.she is a strong girl with a huge heart.i waching all the time they performance of skate on youtube. Alex performance on skate and Maya.they are aswome.hug u maya im where for u and Alex too.ğŸ™‚ğŸ™‚ğŸ™‚ğŸ™‚â¤ï¸â¤ï¸â¤ï¸â¤ï¸â¤ï¸â¤ï¸,Reply,https://www.instagram.com/p/B7w6fNyABcm/
13,jjoshpalma,2020-01-27T12:20:15.000Z,ğŸ’œğŸ’œLOVEğŸ’œğŸ’œYOUğŸ’œğŸ’œFIGHTING!!ğŸ’œğŸ’œ,Reply,https://www.instagram.com/p/B7w6fNyABcm/
14,cd.er,2020-01-27T15:14:34.000Z,â¤ï¸â¤ï¸â¤ï¸â¤ï¸,Reply,https://www.instagram.com/p/B7w6fNyABcm/
15,tamaraljacobson,2020-01-27T15:43:38.000Z,Fight it girl ğŸ’ªğŸŒºit's almost over,Reply,https://www.instagram.com/p/B7w6fNyABcm/
16,natsume72eye,2020-01-27T23:45:01.000Z,ãƒã‚¤ã‚¢ã•ã‚“ã€æ°·ã®ä¸Šã§ã‚‚ç©ºã®ä¸Šã§è¼ã„ã¦ã‚‹âœ¨She is so loveyâ¤ï¸â¤ï¸,Reply,https://www.instagram.com/p/B7w6fNyABcm/
17,faaayon,2020-01-28T01:42:31.000Z,âœ¨,Reply,https://www.instagram.com/p/B7w6fNyABcm/
18,tonchiyan7008,2020-01-28T08:50:54.000Z,ç´ æ•µãªæ¼”æŠ€ã‚’ã„ã¤ã‚‚æ¥½ã—ã¿ã«ã—ã¦ã¾ã™ã€‚â¤ï¸é ‘å¼µã£ã¦ã­ğŸ‘,Reply,https://www.instagram.com/p/B7w6fNyABcm/
19,cry65ssy,2020-01-28T12:33:02.000Z,Stay strong dear friendsğŸ’ªğŸ»ğŸ€ğŸ’ªğŸ»ğŸ€,Reply,https://www.instagram.com/p/B7w6fNyABcm/
20,wjk_35,2020-01-30T02:36:07.000Z,Praying for you both.,Reply,https://www.instagram.com/p/B7w6fNyABcm/
21,tgnhy,2020-01-30T03:32:44.000Z,ğŸ’ğŸ’ğŸ’ğŸ’ğŸ’ğŸ’ğŸ’ğŸ’,Reply,https://www.instagram.com/p/B7w6fNyABcm/
22,charmac_ac,2020-02-24T21:10:59.000Z,â¤ï¸â¤ï¸â¤ï¸,Reply,https://www.instagram.com/p/B7w6fNyABcm/
23,aggelikh_vou,2020-02-05T04:59:05.000Z,You're both shining starsğŸ’,1 like,https://www.instagram.com/p/B8Kxa7CAvIk/
24,how3ech3rish,2020-02-05T05:03:36.000Z,#shiblinggoals ğŸ˜ love from Asia,Reply,https://www.instagram.com/p/B8Kxa7CAvIk/
25,ahastyra,2020-02-05T05:16:38.000Z,ğŸ¥ºğŸ¥ºğŸ¥º,Reply,https://www.instagram.com/p/B8Kxa7CAvIk/
26,ah__ta,2020-02-05T05:33:44.000Z,Who's that dude standing next to herğŸ˜„,1 like,https://www.instagram.com/p/B8Kxa7CAvIk/
27,ldypurr,2020-02-05T05:50:50.000Z,â™¥ï¸â™¥ï¸,Reply,https://www.instagram.com/p/B8Kxa7CAvIk/
28,e.l.e.n.v.d,2020-02-05T06:31:04.000Z,AWWWWWW,Reply,https://www.instagram.com/p/B8Kxa7CAvIk/
29,e.l.e.n.v.d,2020-02-05T06:31:18.000Z,bruh I wish my brother was this sweet ğŸ˜­ğŸ’œğŸ’œğŸ˜‚,Reply,https://www.instagram.com/p/B8Kxa7CAvIk/
30,e.l.e.n.v.d,2020-02-05T06:31:43.000Z,"My role models, I only wish for the happiest of things for you two ğŸ˜˜",6 likes,https://www.instagram.com/p/B8Kxa7CAvIk/
31,cd.er,2020-02-05T06:36:49.000Z,â¤ï¸â¤ï¸â¤ï¸,Reply,https://www.instagram.com/p/B8Kxa7CAvIk/
32,shibsbringlife,2020-02-05T06:39:15.000Z,ğŸ’—ğŸ’—ğŸ’—,1 like,https://www.instagram.com/p/B8Kxa7CAvIk/
33,dayswithnay_,2020-02-05T07:22:50.000Z,ğŸ¥ºğŸ¥ºğŸ¥ºğŸ¥º,Reply,https://www.instagram.com/p/B8Kxa7CAvIk/
34,semeiyu,2020-02-05T07:30:55.000Z,ğŸ¥ºğŸ¥ºğŸ¥ºğŸ¥ºğŸ¥º,Reply,https://www.instagram.com/p/B8Kxa7CAvIk/
35,d.naddine,2020-02-05T07:51:47.000Z,ğŸ˜,Reply,https://www.instagram.com/p/B8Kxa7CAvIk/
36,danon94,2020-02-05T09:26:04.000Z,Real brother â¤ï¸â¤ï¸â¤ï¸ğŸ¥º,Reply,https://www.instagram.com/p/B8Kxa7CAvIk/
37,karolborja,2020-02-05T10:37:45.000Z,"why are you so sweet, iâ€™m melting @alexshibutani ğŸ¤§",1 like,https://www.instagram.com/p/B8Kxa7CAvIk/
38,a.frozen.reverie,2020-02-05T10:57:52.000Z,"So, so cute!!!!ğŸ˜",Reply,https://www.instagram.com/p/B8Kxa7CAvIk/
39,goldsmeier,2020-02-05T12:38:56.000Z,cud i register to shibsibs somewhere? wud love to have both of u as my shining star sibs ğŸ˜,1 like,https://www.instagram.com/p/B8Kxa7CAvIk/
40,_virginiayoung_,2020-02-05T12:47:07.000Z,Love you guys â¤ï¸â¤ï¸,Reply,https://www.instagram.com/p/B8Kxa7CAvIk/
41,ms.jeffersonn,2020-02-05T15:15:03.000Z,uwu,Reply,https://www.instagram.com/p/B8Kxa7CAvIk/
42,norarez,2020-02-05T16:14:48.000Z,aww ğŸ˜­,Reply,https://www.instagram.com/p/B8Kxa7CAvIk/
43,sueperchan,2020-02-06T00:07:52.000Z,ğŸ’•,Reply,https://www.instagram.com/p/B8Kxa7CAvIk/
44,isaacklee,2020-02-06T04:14:06.000Z,awwwwww miss ya both,Reply,https://www.instagram.com/p/B8Kxa7CAvIk/
45,miss_beccatang,2020-02-06T18:43:35.000Z,Sending well wishes and hoping maia makes a full recovery,Reply,https://www.instagram.com/p/B8Kxa7CAvIk/
46,rickyreyes5296,2019-12-26T04:43:00.000Z,ğŸ”¥ğŸ‘ğŸŒ²â˜ƒï¸Thank you and Merry Christmas!!!,Reply,https://www.instagram.com/p/B6g8Dqng8SL/
47,jaspercays,2019-12-26T05:00:53.000Z,Love you âœ¨,Reply,https://www.instagram.com/p/B6g8Dqng8SL/
48,ravi.sstarlight96,2019-12-26T05:10:16.000Z,â¤ï¸â¤ï¸,Reply,https://www.instagram.com/p/B6g8Dqng8SL/
49,mikako2002,2019-12-26T05:45:50.000Z,â¤ï¸â¤ï¸â¤ï¸,Reply,https://www.instagram.com/p/B6g8Dqng8SL/
50,carollikethesongs,2019-12-26T08:23:32.000Z,Thank you and right back at you â¤ï¸â¤ï¸,Reply,https://www.instagram.com/p/B6g8Dqng8SL/
51,xxsaie,2019-12-26T08:30:40.000Z,â¤ï¸â¤ï¸â¤ï¸â¤ï¸,Reply,https://www.instagram.com/p/B6g8Dqng8SL/
52,anycruz2353,2019-12-26T09:48:43.000Z,â™¥ï¸â™¥ï¸â™¥ï¸,Reply,https://www.instagram.com/p/B6g8Dqng8SL/
53,geenak3,2019-12-26T10:39:26.000Z,â¤ï¸â¤ï¸,Reply,https://www.instagram.com/p/B6g8Dqng8SL/
54,joiedemavie330,2019-12-26T10:57:56.000Z,Thanks for the love â¤ï¸ merry Christmas,Reply,https://www.instagram.com/p/B6g8Dqng8SL/
55,lilyxchu_,2019-12-26T15:22:10.000Z,thank you :â€™) merry christmas ğŸ’•,Reply,https://www.instagram.com/p/B6g8Dqng8SL/
56,serenjimini,2019-12-26T19:11:30.000Z,"thank you, i needed this a lot",Reply,https://www.instagram.com/p/B6g8Dqng8SL/
57,ihabelle,2019-12-26T23:06:52.000Z,ğŸ™ğŸ™,Reply,https://www.instagram.com/p/B6g8Dqng8SL/
58,ferreiraleitebeatriz,2019-12-26T23:58:49.000Z,ğŸ™ğŸ»ğŸ™ğŸ»ğŸ™ğŸ»ğŸ™ğŸ»âœ¨ğŸ˜ğŸ’ğŸ’ğŸ˜˜,Reply,https://www.instagram.com/p/B6g8Dqng8SL/
59,jimblez,2019-12-27T04:07:44.000Z,"thanks man, right back at you",Reply,https://www.instagram.com/p/B6g8Dqng8SL/
60,introrhythms,2019-12-27T04:08:36.000Z,I LOVE U,Reply,https://www.instagram.com/p/B6g8Dqng8SL/
61,k_no_uta,2019-12-27T04:30:25.000Z,"Look there, it came rushing right back at you! ğŸ˜Š",Reply,https://www.instagram.com/p/B6g8Dqng8SL/
62,chaumeleon,2019-12-27T09:06:17.000Z,Verified,1 like,https://www.instagram.com/p/B6g8Dqng8SL/
63,mirrrach,2019-12-27T12:26:06.000Z,ğŸ’™,Reply,https://www.instagram.com/p/B6g8Dqng8SL/
64,magialuisa,2020-01-04T12:07:06.000Z,Pretty good â¤ï¸,Reply,https://www.instagram.com/p/B6g8Dqng8SL/
65,lovevelyn9,2020-01-06T20:26:26.000Z,"Needed indeed, thank youğŸ™",Reply,https://www.instagram.com/p/B6g8Dqng8SL/
66,xiahniki,2020-01-09T17:15:55.000Z,Check your dm Please help me ğŸ™,Reply,https://www.instagram.com/p/B6g8Dqng8SL/
67,mifa__1984,2020-01-13T07:09:03.000Z,I hope you give us some good news about your sister as soon as possible. We wish you good healthâ¤ï¸,Reply,https://www.instagram.com/p/B6g8Dqng8SL/
68,cry65ssy,2020-01-28T12:32:13.000Z,Warm wordsâ¤ï¸â¤ï¸â¤ï¸,Reply,https://www.instagram.com/p/B6g8Dqng8SL/
69,aggelikh_vou,2020-02-05T04:59:05.000Z,You're both shining starsğŸ’,1 like,https://www.instagram.com/p/B8Kxa7CAvIk/
70,how3ech3rish,2020-02-05T05:03:36.000Z,#shiblinggoals ğŸ˜ love from Asia,Reply,https://www.instagram.com/p/B8Kxa7CAvIk/
71,ahastyra,2020-02-05T05:16:38.000Z,ğŸ¥ºğŸ¥ºğŸ¥º,Reply,https://www.instagram.com/p/B8Kxa7CAvIk/
72,ah__ta,2020-02-05T05:33:44.000Z,Who's that dude standing next to herğŸ˜„,1 like,https://www.instagram.com/p/B8Kxa7CAvIk/
73,ldypurr,2020-02-05T05:50:50.000Z,â™¥ï¸â™¥ï¸,Reply,https://www.instagram.com/p/B8Kxa7CAvIk/
74,e.l.e.n.v.d,2020-02-05T06:31:04.000Z,AWWWWWW,Reply,https://www.instagram.com/p/B8Kxa7CAvIk/
75,e.l.e.n.v.d,2020-02-05T06:31:18.000Z,bruh I wish my brother was this sweet ğŸ˜­ğŸ’œğŸ’œğŸ˜‚,Reply,https://www.instagram.com/p/B8Kxa7CAvIk/
76,e.l.e.n.v.d,2020-02-05T06:31:43.000Z,"My role models, I only wish for the happiest of things for you two ğŸ˜˜",6 likes,https://www.instagram.com/p/B8Kxa7CAvIk/
77,cd.er,2020-02-05T06:36:49.000Z,â¤ï¸â¤ï¸â¤ï¸,Reply,https://www.instagram.com/p/B8Kxa7CAvIk/
78,shibsbringlife,2020-02-05T06:39:15.000Z,ğŸ’—ğŸ’—ğŸ’—,1 like,https://www.instagram.com/p/B8Kxa7CAvIk/
79,dayswithnay_,2020-02-05T07:22:50.000Z,ğŸ¥ºğŸ¥ºğŸ¥ºğŸ¥º,Reply,https://www.instagram.com/p/B8Kxa7CAvIk/
80,semeiyu,2020-02-05T07:30:55.000Z,ğŸ¥ºğŸ¥ºğŸ¥ºğŸ¥ºğŸ¥º,Reply,https://www.instagram.com/p/B8Kxa7CAvIk/
81,d.naddine,2020-02-05T07:51:47.000Z,ğŸ˜,Reply,https://www.instagram.com/p/B8Kxa7CAvIk/
82,danon94,2020-02-05T09:26:04.000Z,Real brother â¤ï¸â¤ï¸â¤ï¸ğŸ¥º,Reply,https://www.instagram.com/p/B8Kxa7CAvIk/
83,karolborja,2020-02-05T10:37:45.000Z,"why are you so sweet, iâ€™m melting @alexshibutani ğŸ¤§",1 like,https://www.instagram.com/p/B8Kxa7CAvIk/
84,a.frozen.reverie,2020-02-05T10:57:52.000Z,"So, so cute!!!!ğŸ˜",Reply,https://www.instagram.com/p/B8Kxa7CAvIk/
85,goldsmeier,2020-02-05T12:38:56.000Z,cud i register to shibsibs somewhere? wud love to have both of u as my shining star sibs ğŸ˜,1 like,https://www.instagram.com/p/B8Kxa7CAvIk/
86,_virginiayoung_,2020-02-05T12:47:07.000Z,Love you guys â¤ï¸â¤ï¸,Reply,https://www.instagram.com/p/B8Kxa7CAvIk/
87,ms.jeffersonn,2020-02-05T15:15:03.000Z,uwu,Reply,https://www.instagram.com/p/B8Kxa7CAvIk/
88,norarez,2020-02-05T16:14:48.000Z,aww ğŸ˜­,Reply,https://www.instagram.com/p/B8Kxa7CAvIk/
89,sueperchan,2020-02-06T00:07:52.000Z,ğŸ’•,Reply,https://www.instagram.com/p/B8Kxa7CAvIk/
90,isaacklee,2020-02-06T04:14:06.000Z,awwwwww miss ya both,Reply,https://www.instagram.com/p/B8Kxa7CAvIk/
91,miss_beccatang,2020-02-06T18:43:35.000Z,Sending well wishes and hoping maia makes a full recovery,Reply,https://www.instagram.com/p/B8Kxa7CAvIk/
92,555purity,2020-02-21T03:25:19.000Z,ğŸ¤—ğŸ’“â™¥ï¸â¤ï¸,Reply,https://www.instagram.com/p/B8z9NZngD69/
93,karlaanahy13,2020-02-21T03:28:02.000Z,ğŸ’œğŸ’œğŸ’œ,Reply,https://www.instagram.com/p/B8z9NZngD69/
94,__aya01124,2020-02-21T04:22:18.000Z,Congratulations againâ¤ï¸â¤ï¸â¤ï¸â¤ï¸big fan of youâ¤ï¸â¤ï¸,Reply,https://www.instagram.com/p/B8z9NZngD69/
95,schenkskatergirl,2020-02-21T04:26:17.000Z,â¤ï¸,Reply,https://www.instagram.com/p/B8z9NZngD69/
96,chunkeemonkee1,2020-02-21T04:29:51.000Z,That was a wonderful night. I absolutely loved watching you two skate. The sheer happiness on your face after you skated.....priceless!,Reply,https://www.instagram.com/p/B8z9NZngD69/
97,muley2828,2020-02-21T04:48:13.000Z,ğŸ˜ğŸ˜ğŸ˜˜,Reply,https://www.instagram.com/p/B8z9NZngD69/
98,danygonz_minjee,2020-02-21T04:53:08.000Z,What a good memoriesğŸ¤©ğŸ¤© you guys are AMAZINGğŸ‘ğŸ‘ğŸ‘ Congratulations for your achievements ğŸ’¯,1 like,https://www.instagram.com/p/B8z9NZngD69/
99,bratschespieler,2020-02-21T05:01:31.000Z,Happy Anniversary! â›¸,Reply,https://www.instagram.com/p/B8z9NZngD69/
100,manami.japan,2020-02-21T05:59:23.000Z,ğŸ™ŒğŸ™ŒğŸ™Œ,Reply,https://www.instagram.com/p/B8z9NZngD69/
101,shibsbringlife,2020-02-21T06:30:49.000Z,So very proud of you two! Sending lots of love to you and Maia!,Reply,https://www.instagram.com/p/B8z9NZngD69/
102,beautyisboring,2020-02-21T06:40:41.000Z,Verified,4 likes,https://www.instagram.com/p/B8z9NZngD69/
103,lendy_cn,2020-02-21T06:48:48.000Z,ğŸ’œğŸ’œğŸ’œ,Reply,https://www.instagram.com/p/B8z9NZngD69/
104,nguyenpk2000,2020-02-21T07:13:41.000Z,Never forget it,Reply,https://www.instagram.com/p/B8z9NZngD69/
105,ky.8630,2020-02-21T08:36:53.000Z,â¤ï¸,1 like,https://www.instagram.com/p/B8z9NZngD69/
106,ehdwejd,2020-02-21T09:40:19.000Z,2018 Paradise. 2020 Parasite.ğŸ‘ğŸ»,2 likes,https://www.instagram.com/p/B8z9NZngD69/
107,scar.m16,2020-02-21T09:54:51.000Z,I remember watching that!! ğŸ˜‚ğŸ˜‚ğŸ’™ğŸ’™,Reply,https://www.instagram.com/p/B8z9NZngD69/
108,_virginiayoung_,2020-02-21T10:37:51.000Z,ğŸ‘ğŸ¼ğŸ‘ğŸ¼ğŸ‘ğŸ¼â¤ï¸â¤ï¸,1 like,https://www.instagram.com/p/B8z9NZngD69/
109,joannaczechofficial,2020-02-21T11:44:05.000Z,Verified,3 likes,https://www.instagram.com/p/B8z9NZngD69/
110,lilyleungg,2020-02-21T12:23:56.000Z,@hennaleung omg two years already,Reply,https://www.instagram.com/p/B8z9NZngD69/
111,naosakku87,2020-02-22T01:47:27.000Z,I just watched your performance at Pyeongchang Olympics on video.That's special memoryâ¤ï¸,Reply,https://www.instagram.com/p/B8z9NZngD69/
112,on.papi,2020-02-22T05:30:44.000Z,ğŸ”¥ğŸ”¥ğŸ…,Reply,https://www.instagram.com/p/B8z9NZngD69/
113,kathryntannert,2020-02-22T18:48:57.000Z,Your success never grows old. This is forever your achievement.,Reply,https://www.instagram.com/p/B8z9NZngD69/
114,thebodyshopbyea,2020-02-22T19:04:52.000Z,ğŸ‡ºğŸ‡¸ ğŸ’ªğŸ™â¤ï¸,1 like,https://www.instagram.com/p/B8z9NZngD69/
115,zrmanningrn,2020-01-26T14:20:29.000Z,Miss seeing you and @alexshibutani on the ice here in Greensboro. Itâ€™s just not the same without the @shibsibs . Hope you are healing well.,Reply,https://www.instagram.com/p/B7w6fNyABcm/
116,dianeshumway1986,2020-01-26T15:46:02.000Z,I was thinking about you two last night as my mom and I watched nationals.  You are in our thought and prayers.  Sending good vibes always ğŸ’•,Reply,https://www.instagram.com/p/B7w6fNyABcm/
117,karin_yuriandnaru331,2020-01-26T16:56:37.000Z,ğŸŒ„HAPPY NEW YEAR!!ğŸŒ‡2020ğŸŒˆ,Reply,https://www.instagram.com/p/B7w6fNyABcm/
118,benjaminmotta,2020-01-26T16:56:42.000Z,Nice ğŸ“¸!!!,Reply,https://www.instagram.com/p/B7w6fNyABcm/
119,lorileung9678,2020-01-26T17:31:45.000Z,"Slow and steady wins the race. Just keep her mind occupied and slowly get back to skating. She will be fine ğŸ˜˜. From a kidney cancer survivor, we are strong.",Reply,https://www.instagram.com/p/B7w6fNyABcm/
120,ferreiraleitebeatriz,2020-01-26T18:21:57.000Z,ğŸ™ğŸ»ğŸ™ğŸ»ğŸ™ğŸ»ğŸ™ŒğŸ¼ğŸ™ŒğŸ¼ğŸ’ğŸ’ğŸ˜˜,Reply,https://www.instagram.com/p/B7w6fNyABcm/
121,jyfigure,2020-01-26T19:48:56.000Z,A warrior ğŸ’•ğŸ’•ğŸ’•ğŸ’•. Can't wait to see her healthy and steady and on the rink again,Reply,https://www.instagram.com/p/B7w6fNyABcm/
122,tavi_975,2020-01-26T20:47:33.000Z,ğŸ’ªğŸ»ğŸ’ªğŸ»,Reply,https://www.instagram.com/p/B7w6fNyABcm/
123,yz.cristal,2020-01-27T01:41:12.000Z,ğŸ’“ğŸ’“ğŸ’“(`ï½¥Ï‰ï½¥Â´)9,Reply,https://www.instagram.com/p/B7w6fNyABcm/
124,yoonico__,2020-01-27T02:51:04.000Z,ğŸ’ªğŸ»ğŸ’ªğŸ»ğŸ˜Š,Reply,https://www.instagram.com/p/B7w6fNyABcm/
125,natsuphotos,2020-01-27T02:53:50.000Z,sending all the love i have to maia and you ğŸ’›ğŸ’›ğŸ’›ğŸ’›ğŸ’›ğŸ’›ğŸ’›ğŸ’›ğŸ’›ğŸ’›ğŸ’›ğŸ’›ğŸ’›ğŸ’›,Reply,https://www.instagram.com/p/B7w6fNyABcm/
126,_linchan25,2020-01-27T07:12:47.000Z,Aww â¤ï¸,Reply,https://www.instagram.com/p/B7w6fNyABcm/
127,st.efania2110,2020-01-27T07:20:36.000Z,I wish .all the best to .Maya all the time im thinking of she.she is a strong girl with a huge heart.i waching all the time they performance of skate on youtube. Alex performance on skate and Maya.they are aswome.hug u maya im where for u and Alex too.ğŸ™‚ğŸ™‚ğŸ™‚ğŸ™‚â¤ï¸â¤ï¸â¤ï¸â¤ï¸â¤ï¸â¤ï¸,Reply,https://www.instagram.com/p/B7w6fNyABcm/
128,jjoshpalma,2020-01-27T12:20:15.000Z,ğŸ’œğŸ’œLOVEğŸ’œğŸ’œYOUğŸ’œğŸ’œFIGHTING!!ğŸ’œğŸ’œ,Reply,https://www.instagram.com/p/B7w6fNyABcm/
129,cd.er,2020-01-27T15:14:34.000Z,â¤ï¸â¤ï¸â¤ï¸â¤ï¸,Reply,https://www.instagram.com/p/B7w6fNyABcm/
130,tamaraljacobson,2020-01-27T15:43:38.000Z,Fight it girl ğŸ’ªğŸŒºit's almost over,Reply,https://www.instagram.com/p/B7w6fNyABcm/
131,natsume72eye,2020-01-27T23:45:01.000Z,ãƒã‚¤ã‚¢ã•ã‚“ã€æ°·ã®ä¸Šã§ã‚‚ç©ºã®ä¸Šã§è¼ã„ã¦ã‚‹âœ¨She is so loveyâ¤ï¸â¤ï¸,Reply,https://www.instagram.com/p/B7w6fNyABcm/
132,faaayon,2020-01-28T01:42:31.000Z,âœ¨,Reply,https://www.instagram.com/p/B7w6fNyABcm/
133,tonchiyan7008,2020-01-28T08:50:54.000Z,ç´ æ•µãªæ¼”æŠ€ã‚’ã„ã¤ã‚‚æ¥½ã—ã¿ã«ã—ã¦ã¾ã™ã€‚â¤ï¸é ‘å¼µã£ã¦ã­ğŸ‘,Reply,https://www.instagram.com/p/B7w6fNyABcm/
134,cry65ssy,2020-01-28T12:33:02.000Z,Stay strong dear friendsğŸ’ªğŸ»ğŸ€ğŸ’ªğŸ»ğŸ€,Reply,https://www.instagram.com/p/B7w6fNyABcm/
135,wjk_35,2020-01-30T02:36:07.000Z,Praying for you both.,Reply,https://www.instagram.com/p/B7w6fNyABcm/
136,tgnhy,2020-01-30T03:32:44.000Z,ğŸ’ğŸ’ğŸ’ğŸ’ğŸ’ğŸ’ğŸ’ğŸ’,Reply,https://www.instagram.com/p/B7w6fNyABcm/
137,charmac_ac,2020-02-24T21:10:59.000Z,â¤ï¸â¤ï¸â¤ï¸,Reply,https://www.instagram.com/p/B7w6fNyABcm/
138,jvu243,2020-03-22T02:13:01.000Z,"Idk if youâ€™ll ever see this comment, but Iâ€™ve really enjoyed reading your quarantine poetry!! ğŸ˜‚",2 likes,https://www.instagram.com/p/B-BKdTWA4HT/
139,ldypurr,2020-03-22T02:16:13.000Z,"Thanks for making me laugh, Alex ğŸ˜‚",1 like,https://www.instagram.com/p/B-BKdTWA4HT/
140,neo__nw,2020-03-22T02:18:43.000Z,Why do i love this so much,1 like,https://www.instagram.com/p/B-BKdTWA4HT/
141,joannaczechofficial,2020-03-22T02:19:31.000Z,Verified,6 likes,https://www.instagram.com/p/B-BKdTWA4HT/
142,emmakavv,2020-03-22T02:51:42.000Z,lmfaooo this is fantastic,1 like,https://www.instagram.com/p/B-BKdTWA4HT/
143,how3ech3rish,2020-03-22T02:57:08.000Z,"Thought you may like this @iweener  @kimmyshorty, u can check out his real profession in his profile ğŸ˜„",Reply,https://www.instagram.com/p/B-BKdTWA4HT/
144,michelemachaca,2020-03-22T03:12:42.000Z,ğŸ‘ğŸ‘ğŸ‘ğŸ‘,1 like,https://www.instagram.com/p/B-BKdTWA4HT/
145,melodyjma,2020-03-22T03:17:08.000Z,ğŸ˜‚ğŸ˜‚ğŸ˜‚,1 like,https://www.instagram.com/p/B-BKdTWA4HT/
146,themjeans,2020-03-22T03:20:24.000Z,Verified,2 likes,https://www.instagram.com/p/B-BKdTWA4HT/
147,katiebee009,2020-03-22T04:53:17.000Z,"I know youâ€™re a really accomplished ice dancer and everything, like I think you won two Olympic bronze medals or something, but I think your true calling in life is poetry ğŸ˜‚ seriously now, thank you very much for these little poems you keep posting. They bring a smile to my face during these stressful days â¤ï¸",28 likes,https://www.instagram.com/p/B-BKdTWA4HT/
148,michelemachaca,2020-03-22T05:26:28.000Z,"Realmente me anima leer tus publicaciones, saludos desde Bolivia",Reply,https://www.instagram.com/p/B-BKdTWA4HT/
149,zurika_88,2020-03-22T05:44:37.000Z,I think youâ€™re the next @rupikaur_ !,Reply,https://www.instagram.com/p/B-BKdTWA4HT/
150,itslynnwong,2020-03-22T05:58:26.000Z,This is my current favourite tbh,1 like,https://www.instagram.com/p/B-BKdTWA4HT/
151,nurgul._is,2020-03-22T06:00:11.000Z,ğŸ˜‚,1 like,https://www.instagram.com/p/B-BKdTWA4HT/
152,s.solaresowls,2020-03-22T06:56:52.000Z,I'm curious as to who draws the cute little images at the bottom. ğŸ˜Š Do you draw them as well?,3 likes,https://www.instagram.com/p/B-BKdTWA4HT/
153,chaumeleon,2020-03-22T07:19:46.000Z,Verified,3 likes,https://www.instagram.com/p/B-BKdTWA4HT/
154,ro.dang,2020-03-22T07:24:43.000Z,*snap* *snap* *snap*,Reply,https://www.instagram.com/p/B-BKdTWA4HT/
155,lurra_res,2020-03-22T10:19:31.000Z,Your best one yet ğŸ˜‚,1 like,https://www.instagram.com/p/B-BKdTWA4HT/
156,dfryee,2020-03-22T12:43:41.000Z,Bodily spice ğŸ˜‚ğŸ‘,1 like,https://www.instagram.com/p/B-BKdTWA4HT/
157,cytap,2020-03-22T13:21:14.000Z,Lol. Can I share this?,Reply,https://www.instagram.com/p/B-BKdTWA4HT/
158,notrosemorris,2020-03-22T13:25:35.000Z,If you made a book I would buy it,5 likes,https://www.instagram.com/p/B-BKdTWA4HT/
159,_carshena,2020-03-22T23:21:18.000Z,ğŸ˜†ğŸ’¯ too good!,Reply,https://www.instagram.com/p/B-BKdTWA4HT/
160,sara._.azhar,2020-03-23T19:31:54.000Z,I swear you two are the cutestğŸ˜­ğŸ˜­ğŸ’•,Reply,https://www.instagram.com/p/B-DqqIpgvdh/
161,1reneelee1,2020-03-23T19:49:25.000Z,Omg adorableeee,Reply,https://www.instagram.com/p/B-DqqIpgvdh/
162,iamjohn_vvv,2020-03-23T19:52:25.000Z,Cutiness ğŸ˜ğŸ˜â™¥ï¸â™¥ï¸,Reply,https://www.instagram.com/p/B-DqqIpgvdh/
163,therealfabianamarcela,2020-03-23T21:02:36.000Z,AwwğŸ˜ğŸ’• cuties â™¥ï¸â™¥ï¸,Reply,https://www.instagram.com/p/B-DqqIpgvdh/
164,jo.el_nunez,2020-03-23T23:16:20.000Z,SOOOO CUTEEEE,Reply,https://www.instagram.com/p/B-DqqIpgvdh/
165,natalieunderthesun,2020-03-24T00:32:00.000Z,You two are so cute in that photo â˜ºï¸,Reply,https://www.instagram.com/p/B-DqqIpgvdh/
166,__c.park__,2020-03-24T01:20:27.000Z,I think you both look adorable! ğŸ’•,Reply,https://www.instagram.com/p/B-DqqIpgvdh/
167,seasonskeeponmarching,2020-03-24T01:50:47.000Z,That pic of you is a MOOD.,Reply,https://www.instagram.com/p/B-DqqIpgvdh/
168,leirisceliboon,2020-03-24T01:58:36.000Z,The cutest!!,Reply,https://www.instagram.com/p/B-DqqIpgvdh/
169,eabxxj,2020-03-24T02:44:48.000Z,"""True essence"" NFKAN BRUH",Reply,https://www.instagram.com/p/B-DqqIpgvdh/
170,jacquelineboen,2020-03-24T03:22:24.000Z,Omg the cutest!,Reply,https://www.instagram.com/p/B-DqqIpgvdh/
171,a.yan03,2020-03-24T03:50:12.000Z,You look super cute!!!,Reply,https://www.instagram.com/p/B-DqqIpgvdh/
172,sofia_ren27,2020-03-24T05:40:36.000Z,Youâ€™re both so cuteâ¤ï¸,Reply,https://www.instagram.com/p/B-DqqIpgvdh/
173,essjjae,2020-03-24T05:41:29.000Z,"Such a good point, thanks for looking out for us!! ğŸ™Œ",Reply,https://www.instagram.com/p/B-DqqIpgvdh/
174,vchwe,2020-03-24T08:26:00.000Z,So cuteee â˜ºï¸â˜ºï¸ğŸ’–,Reply,https://www.instagram.com/p/B-DqqIpgvdh/
175,clamoutloud,2020-03-24T10:47:40.000Z,Ainâ€™t this a mood,Reply,https://www.instagram.com/p/B-DqqIpgvdh/
176,e_r_i_k_o_143,2020-03-24T16:23:46.000Z,ã‹ã‚ã„ã„ğŸ˜âœ¨thank you for sharing cute &amp;  important staffğŸ‘ğŸ’•,Reply,https://www.instagram.com/p/B-DqqIpgvdh/
177,rossman.jonathan,2020-03-24T23:59:10.000Z,"Letâ€™s be honest Alex, youâ€™re one handsome dude, incapable of  taking a bad photo. Perhaps had you been a single skater and were caught mid air on a jump but thatâ€™s not gonna happen ğŸ˜",Reply,https://www.instagram.com/p/B-DqqIpgvdh/
178,pedroanderson900,2020-03-25T10:05:48.000Z,ä¸Šå¸ä¿ä½‘,Reply,https://www.instagram.com/p/B-DqqIpgvdh/
179,pedroanderson900,2020-03-25T10:06:31.000Z,ä¸Šå¸ä¿ä½‘,Reply,https://www.instagram.com/p/B-DqqIpgvdh/
180,barayeamadanash,2020-03-26T17:06:34.000Z,"ğŸ˜for him to comeğŸ˜...ğŸ’šEasy and possible approaches to make the world a better placeâ¬...P1â¬‡ï¸There is no war, No dispute, and no depression.There are various races and languages, but everyone is a member of one family.No one is in a higher or lower position.Although there is abundance of blessings, no one takes more than what he needs.There is nothing but improvement in everything.The earth is everyoneâ€™s homeland.ğŸ¤©.P2â¬‡ï¸There is no need to change and there is no need to change others.There is no need to change your life and it doesnâ€™t cost anything.You donâ€™t need to do anything against the rules of your country or fight with anyone.ğŸ’¯.",Reply,https://www.instagram.com/p/B-DqqIpgvdh/
181,sudzram,2020-03-27T03:08:34.000Z,@subiscuits,1 like,https://www.instagram.com/p/B-DqqIpgvdh/
182,stella___sta,2020-04-26T00:04:52.000Z,Lol captures my true essence,Reply,https://www.instagram.com/p/B-DqqIpgvdh/
183,adfmty,2020-03-22T02:18:54.000Z,ğŸ¤¦ğŸ»â€â™€ï¸,Reply,https://www.instagram.com/p/B-BJnaBg-Yc/
184,t_na93,2020-03-22T02:22:08.000Z,"So what youâ€™re saying is, touch your face? ğŸ˜‚",1 like,https://www.instagram.com/p/B-BJnaBg-Yc/
185,ldypurr,2020-03-22T02:25:48.000Z,ğŸ‘ğŸ¼â™¥ï¸,1 like,https://www.instagram.com/p/B-BJnaBg-Yc/
186,goldsmeier,2020-03-22T02:34:09.000Z,Turns out to be quite difficult to not touch my own face! My hand just move without my permission ğŸ¤£,1 like,https://www.instagram.com/p/B-BJnaBg-Yc/
187,itslynnwong,2020-03-22T02:45:01.000Z,DON'T TOUCH YOUR FACE,1 like,https://www.instagram.com/p/B-BJnaBg-Yc/
188,hanhgm27,2020-03-22T02:45:37.000Z,this is my favorite one yet,1 like,https://www.instagram.com/p/B-BJnaBg-Yc/
189,stagingbysquareone,2020-03-22T03:00:29.000Z,L mo,Reply,https://www.instagram.com/p/B-BJnaBg-Yc/
190,jeanneyangstyle,2020-03-22T03:26:54.000Z,Verified,1 like,https://www.instagram.com/p/B-BJnaBg-Yc/
191,nancyvang_,2020-03-22T04:11:52.000Z,I read as my head is propped up on my palm,2 likes,https://www.instagram.com/p/B-BJnaBg-Yc/
192,ice_is_my_life__,2020-03-22T04:15:56.000Z,*immediately rubs hands all over face in defiance* Jk I would never,1 like,https://www.instagram.com/p/B-BJnaBg-Yc/
193,narsbar_28,2020-03-22T05:03:14.000Z,This is actual art,1 like,https://www.instagram.com/p/B-BJnaBg-Yc/
194,aninditabandyopadhyay,2020-03-22T05:05:04.000Z,"There's a book deal in the works soon, I know it is.",6 likes,https://www.instagram.com/p/B-BJnaBg-Yc/
195,lacraw.96,2020-03-22T05:28:41.000Z,Poems with lowkey threatening auras.,1 like,https://www.instagram.com/p/B-BJnaBg-Yc/
196,spacesoflife,2020-03-22T08:37:04.000Z,also donâ€™t touch your face ğŸ˜,Reply,https://www.instagram.com/p/B-BJnaBg-Yc/
197,jathompson37,2020-03-22T09:53:49.000Z,Just read an article that says humans touch their face in utero. I 100% believe it!,Reply,https://www.instagram.com/p/B-BJnaBg-Yc/
198,cytap,2020-03-22T13:22:04.000Z,Lol,Reply,https://www.instagram.com/p/B-BJnaBg-Yc/
199,ezgisuberber,2020-03-22T13:25:11.000Z,I couldn't stop hitting my face after I remember pen is on my ear that I looked for. And It happens in every 5 minutes. So I started sitting on my hands and writing with my mouth.,2 likes,https://www.instagram.com/p/B-BJnaBg-Yc/
200,nicolereese79,2020-03-22T17:02:43.000Z,Love these!,1 like,https://www.instagram.com/p/B-BJnaBg-Yc/
201,ms.jeffersonn,2020-03-22T17:03:58.000Z,Ğ»ÑƒÑ‡ÑˆĞµĞµ,Reply,https://www.instagram.com/p/B-BJnaBg-Yc/
202,valerieaugustine1,2020-03-22T17:29:18.000Z,But my nose itches!!!!,Reply,https://www.instagram.com/p/B-BJnaBg-Yc/
203,frmheadtotoe,2020-03-22T18:31:13.000Z,Verified,Reply,https://www.instagram.com/p/B-BJnaBg-Yc/
204,virtuecelly,2020-03-23T03:41:24.000Z,Waiting for the Alex Shibutani poetry book to drop ğŸ™ŒğŸ» keep it up &amp; thank you for bringing smiles to our faces while also promoting awareness ğŸ–¤,Reply,https://www.instagram.com/p/B-BJnaBg-Yc/
205,hartmama,2020-03-23T05:04:55.000Z,That's the hardest part of this whole thing ğŸ˜­,Reply,https://www.instagram.com/p/B-BJnaBg-Yc/
206,dyyehm,2020-04-05T10:25:53.000Z,My Fave â¤,Reply,https://www.instagram.com/p/B-lEQRDg2Fl/
207,valemarchei14,2020-04-05T11:32:11.000Z,Verified,8 likes,https://www.instagram.com/p/B-lEQRDg2Fl/
208,vegas612,2020-04-05T12:13:42.000Z,Boston loves you both â¤ï¸,Reply,https://www.instagram.com/p/B-lEQRDg2Fl/
209,michellenovotni,2020-04-05T12:23:07.000Z,"I was there, it was an amazing weekend",Reply,https://www.instagram.com/p/B-lEQRDg2Fl/
210,chitters68,2020-04-05T12:23:09.000Z,Canâ€™t wait to see you 2 on the ice again!,Reply,https://www.instagram.com/p/B-lEQRDg2Fl/
211,nancyida,2020-04-05T12:43:45.000Z,"Thatâ€™s why we should cherish the moment every day. Because there will come a day (now) that we can only look fondly back and say, â€˜remember when...â€™ .",Reply,https://www.instagram.com/p/B-lEQRDg2Fl/
212,tjfancher,2020-04-05T12:53:40.000Z,I was fortunate enough to see that performance in Boston.  A highlight of the Championship.I got chills that night and still do watching the program.â¤ï¸â›¸ğŸ˜Š,Reply,https://www.instagram.com/p/B-lEQRDg2Fl/
213,yemimachristiana,2020-04-05T13:22:14.000Z,ğŸ˜»ğŸ˜»ğŸ˜»ğŸ˜»,Reply,https://www.instagram.com/p/B-lEQRDg2Fl/
214,jshakes1,2020-04-05T15:20:18.000Z,â¤ï¸â¤ï¸â¤ï¸,1 like,https://www.instagram.com/p/B-lEQRDg2Fl/
215,jacquee.van,2020-04-05T16:00:57.000Z,My very favorite program of yours,Reply,https://www.instagram.com/p/B-lEQRDg2Fl/
216,giovana.barbozadematos,2020-04-05T16:49:20.000Z,LindosğŸ’•ğŸ’•ğŸ‘¼ğŸ‘¼!!!!,Reply,https://www.instagram.com/p/B-lEQRDg2Fl/
217,cindy.kamer,2020-04-05T17:15:37.000Z,Miss skating!,Reply,https://www.instagram.com/p/B-lEQRDg2Fl/
218,dalalbadri,2020-04-05T17:31:42.000Z,"I hope to see all our rinks fill up like this again! wow, what we took for granted. I miss those days!",Reply,https://www.instagram.com/p/B-lEQRDg2Fl/
219,imglaucia,2020-04-06T01:03:20.000Z,ğŸ‡§ğŸ‡·â¤ï¸,Reply,https://www.instagram.com/p/B-lEQRDg2Fl/
220,nikk_la,2020-04-06T07:58:26.000Z,Always a killer! Need to witness you and sis in person,Reply,https://www.instagram.com/p/B-lEQRDg2Fl/
221,lexi_starx,2020-04-06T10:22:10.000Z,Such a beautiful momentâ¤ï¸,Reply,https://www.instagram.com/p/B-lEQRDg2Fl/
222,vaperultra,2020-04-06T15:30:43.000Z,Beyblade,Reply,https://www.instagram.com/p/B-lEQRDg2Fl/
223,sh4nley,2020-04-06T16:04:18.000Z,BEAUTY â¤â¤â¤,Reply,https://www.instagram.com/p/B-lEQRDg2Fl/
224,elizabeth_ben,2020-04-06T21:18:51.000Z,One of my favorite performances of all time!!!,1 like,https://www.instagram.com/p/B-lEQRDg2Fl/
225,elizabeth_ben,2020-04-06T21:18:57.000Z,You guys killed it,1 like,https://www.instagram.com/p/B-lEQRDg2Fl/
226,spacesoflife,2020-04-07T03:08:14.000Z,This skate is when I became a forever shibsibs fan!! ğŸ˜­,Reply,https://www.instagram.com/p/B-lEQRDg2Fl/
227,matinpanaghi,2020-04-07T06:05:18.000Z,Ø¹Ø§Ù„ÙŠ,Reply,https://www.instagram.com/p/B-lEQRDg2Fl/
228,fancy_franciie,2020-04-08T04:26:06.000Z,Come back to Boston D: â™¡ &amp; ty for supporting us healthcare workers!! ğŸ’•,Reply,https://www.instagram.com/p/B-lEQRDg2Fl/
229,_carshena,2020-04-07T04:56:30.000Z,ğŸ¤£ğŸ¤£,Reply,https://www.instagram.com/p/B-qTsbZAXee/
230,m0chi.i_,2020-04-07T04:58:42.000Z,ğŸ˜‚ğŸ˜‚good job alex,1 like,https://www.instagram.com/p/B-qTsbZAXee/
231,mariadelhuertofg,2020-04-07T05:53:27.000Z,Muy talentosos,Reply,https://www.instagram.com/p/B-qTsbZAXee/
232,es_kaylee,2020-04-07T06:00:28.000Z,ğŸ˜‚ğŸ˜‚ğŸ˜‚,Reply,https://www.instagram.com/p/B-qTsbZAXee/
233,org.co19,2020-04-07T06:57:55.000Z,Yes Alex ğŸ˜,1 like,https://www.instagram.com/p/B-qTsbZAXee/
234,gowrinotgawri,2020-04-07T07:38:41.000Z,I aspire to be this petty when I want to beğŸ‘ğŸ½ğŸ‘ğŸ½ full support,Reply,https://www.instagram.com/p/B-qTsbZAXee/
235,e_r_i_k_o_143,2020-04-07T09:28:01.000Z,cutie siblingğŸ‘ğŸ˜Šâ¤ï¸ I love you twoğŸ’•âœ¨,Reply,https://www.instagram.com/p/B-qTsbZAXee/
236,nad.lemon,2020-04-07T09:59:44.000Z,âœ¨ğŸ¥‡ğŸ¤©,Reply,https://www.instagram.com/p/B-qTsbZAXee/
237,tiemishibata,2020-04-07T11:42:19.000Z,You're so cute though,Reply,https://www.instagram.com/p/B-qTsbZAXee/
238,nurgul._is,2020-04-07T15:28:45.000Z,ğŸ˜‚ğŸ˜‚ğŸ˜‚,Reply,https://www.instagram.com/p/B-qTsbZAXee/
239,nurgul._is,2020-04-07T15:28:45.000Z,ğŸ˜‚ğŸ˜‚ğŸ˜‚,Reply,https://www.instagram.com/p/B-qTsbZAXee/
240,rice13unny,2020-04-07T18:15:58.000Z,ğŸ˜‚ğŸ˜‚ğŸ˜‚,Reply,https://www.instagram.com/p/B-qTsbZAXee/
241,madilynmoritz,2020-04-07T18:27:29.000Z,I agree! That video is fire!!ğŸ”¥ğŸ”¥,Reply,https://www.instagram.com/p/B-qTsbZAXee/
242,pyqsnbc,2020-04-07T18:59:53.000Z,ğŸ˜†ğŸ˜†ğŸ˜†,Reply,https://www.instagram.com/p/B-qTsbZAXee/
243,opera_singer89,2020-04-07T20:41:03.000Z,â¤ï¸â¤ï¸,Reply,https://www.instagram.com/p/B-qTsbZAXee/
244,edwardbarsamian,2020-04-07T21:35:18.000Z,Verified,1 like,https://www.instagram.com/p/B-qTsbZAXee/
245,michelinebts,2020-04-08T02:04:02.000Z,Son fantasticos =),Reply,https://www.instagram.com/p/B-qTsbZAXee/
246,heather_sweetiiie,2020-04-08T06:01:04.000Z,When youâ€™re trying to order food but the waiter just walks pass you ğŸ˜‚,2 likes,https://www.instagram.com/p/B-qTsbZAXee/
247,sparker1902,2020-04-09T00:50:12.000Z,@saxysteelnack I love him ğŸ˜‚,1 like,https://www.instagram.com/p/B-qTsbZAXee/
248,romanempircs,2020-04-11T06:24:42.000Z,You two are peak sibling culture,Reply,https://www.instagram.com/p/B-qTsbZAXee/
249,tomedina,2020-04-11T19:10:29.000Z,That vengeance tho ğŸ˜…,Reply,https://www.instagram.com/p/B-qTsbZAXee/
250,traduxit,2020-05-09T23:02:09.000Z,â¤ï¸ğŸ‘â¤ï¸,Reply,https://www.instagram.com/p/B-qTsbZAXee/
251,sophietrin012,2020-06-15T01:56:23.000Z,Too hot ğŸŒŠğŸŠğŸ»â€â™‚ï¸,Reply,https://www.instagram.com/p/B-qTsbZAXee/
252,uglyportrait.s,2020-04-04T01:53:02.000Z,YAY!,1 like,https://www.instagram.com/p/B-ioI1NA7yD/
253,bingchen,2020-04-04T01:55:48.000Z,Verified,4 likes,https://www.instagram.com/p/B-ioI1NA7yD/
254,neelieniv,2020-04-04T01:57:11.000Z,As a Nurse and a huge figure skating fan who has been to every Nationals since 1998 I thank you from the bottom of my heart.,1 like,https://www.instagram.com/p/B-ioI1NA7yD/
255,jarnesto,2020-04-04T02:04:49.000Z,"Thank you so much for truly helping get PPE for us healthcare workers, truly appreciate such efforts in fighting COVID19! ğŸ‘â¤ï¸",1 like,https://www.instagram.com/p/B-ioI1NA7yD/
256,sophiahwat,2020-04-04T03:28:25.000Z,AHH you guys are amazing. so much love,1 like,https://www.instagram.com/p/B-ioI1NA7yD/
257,getusppe,2020-04-04T03:38:15.000Z,"Incredible duo! What a record - $10,000 in one DAY is unbelievable! Thank you for your ongoing support. Protecting our frontline is so important right now and weâ€™re honored youâ€™re taking this on! ğŸ¤",3 likes,https://www.instagram.com/p/B-ioI1NA7yD/
258,nguyenpk2000,2020-04-04T05:04:53.000Z,ğŸ˜®ğŸ˜®ğŸ˜®,1 like,https://www.instagram.com/p/B-ioI1NA7yD/
259,briseilles,2020-04-04T11:40:21.000Z,Hospitalist and former figure skater here. THANK YOU!!,4 likes,https://www.instagram.com/p/B-ioI1NA7yD/
260,pohlenfitness,2020-05-17T17:35:30.000Z,Verified,1 like,https://www.instagram.com/p/CAS-ZbTAGtI/
261,hiendnguyen,2020-05-17T17:41:02.000Z,Black mask better.,Reply,https://www.instagram.com/p/CAS-ZbTAGtI/
262,anycruz2353,2020-05-17T17:51:48.000Z,ğŸ¤­,Reply,https://www.instagram.com/p/CAS-ZbTAGtI/
263,darthamin,2020-05-17T17:57:11.000Z,Verified,4 likes,https://www.instagram.com/p/CAS-ZbTAGtI/
264,jeanneyangstyle,2020-05-17T18:22:50.000Z,Verified,2 likes,https://www.instagram.com/p/CAS-ZbTAGtI/
265,enzoobowbow,2020-05-17T18:40:59.000Z,Love your sunny...what brand is that??,Reply,https://www.instagram.com/p/CAS-ZbTAGtI/
266,trackwrex,2020-05-17T19:04:16.000Z,Boom! Instant beard! ğŸ˜,1 like,https://www.instagram.com/p/CAS-ZbTAGtI/
267,shluvsaint,2020-05-17T19:06:07.000Z,alex out here being a fashion AND health icon??? ğŸ˜Œ,2 likes,https://www.instagram.com/p/CAS-ZbTAGtI/
268,ah__ta,2020-05-17T19:38:07.000Z,"Don't lie, we all know that there's no beardğŸ˜„",Reply,https://www.instagram.com/p/CAS-ZbTAGtI/
269,sophiahwat,2020-05-17T20:17:01.000Z,i can tell it's growing in,1 like,https://www.instagram.com/p/CAS-ZbTAGtI/
270,soctchhhhhh,2020-05-17T20:56:52.000Z,Looks like an anime villain ğŸ˜†,1 like,https://www.instagram.com/p/CAS-ZbTAGtI/
271,erelynnnn,2020-05-17T21:00:12.000Z,â£ï¸â£ï¸â£ï¸â£ï¸,1 like,https://www.instagram.com/p/CAS-ZbTAGtI/
272,garoo9446,2020-05-17T22:25:33.000Z,æ—¥ç„¼ã‘ã«æ³¨æ„ã€attention for suntanï¼,Reply,https://www.instagram.com/p/CAS-ZbTAGtI/
273,katenykim,2020-05-18T01:02:38.000Z,@joshpk94 ìˆœê°„ ì˜¤ë¹¤ì¤„,Reply,https://www.instagram.com/p/CAS-ZbTAGtI/
274,katherinerepka_,2020-05-18T01:08:18.000Z,@madihuynh TCAK IN A MASK!!!,Reply,https://www.instagram.com/p/CAS-ZbTAGtI/
275,yradorotheo,2020-05-18T01:45:39.000Z,where did you get your mask!!!,Reply,https://www.instagram.com/p/CAS-ZbTAGtI/
276,jhsbassman25,2020-05-18T01:55:07.000Z,You're still totally adorbs and handsome regardless of level of beardlyness,Reply,https://www.instagram.com/p/CAS-ZbTAGtI/
277,jhawleyjr,2020-05-18T02:01:33.000Z,"Hilarious, and adorable",Reply,https://www.instagram.com/p/CAS-ZbTAGtI/
278,nikk_la,2020-05-18T06:59:21.000Z,âš¡ï¸âš¡ï¸âš¡ï¸,1 like,https://www.instagram.com/p/CAS-ZbTAGtI/
279,_raniii_,2020-05-18T17:18:52.000Z,Oof Iâ€™m loving it ğŸ˜ğŸ‘ŒğŸ˜‚ğŸ˜‚ğŸ˜‚,Reply,https://www.instagram.com/p/CAS-ZbTAGtI/
280,mariana_129183,2020-05-18T19:21:40.000Z,U look like kaneki ngl,1 like,https://www.instagram.com/p/CAS-ZbTAGtI/
281,yuluge0504,2020-05-19T06:13:38.000Z,handsome boyğŸ˜˜ğŸ˜˜,Reply,https://www.instagram.com/p/CAS-ZbTAGtI/
282,k.jme7,2020-10-08T01:35:13.000Z,This is really random and late but can i ask where you got your mask?,1 like,https://www.instagram.com/p/CAS-ZbTAGtI/
283,nirielizher,2020-05-24T22:59:50.000Z,ğŸ˜¢ğŸ˜¢,Reply,https://www.instagram.com/p/CAlZ-7hAfAW/
284,chito_nyc,2020-05-24T23:12:09.000Z,God bless them,Reply,https://www.instagram.com/p/CAlZ-7hAfAW/
285,sandra.williams1456,2020-05-24T23:26:23.000Z,ğŸ’”,Reply,https://www.instagram.com/p/CAlZ-7hAfAW/
286,marciorosaferraz,2020-05-24T23:42:36.000Z,@alexshibutani the new epicenter.... ğŸ‡§ğŸ‡·! ğŸ˜­ğŸ˜­ğŸ˜­ğŸ˜­,Reply,https://www.instagram.com/p/CAlZ-7hAfAW/
287,asian_tionna_tamba,2020-05-24T23:55:43.000Z,ğŸ˜­ğŸ˜­,Reply,https://www.instagram.com/p/CAlZ-7hAfAW/
288,beinghampus,2020-05-25T00:02:41.000Z,ğŸ™ğŸ™ğŸ™,Reply,https://www.instagram.com/p/CAlZ-7hAfAW/
289,mixpickles,2020-05-25T00:40:12.000Z,ğŸ˜¢ğŸ˜¢ğŸ™,Reply,https://www.instagram.com/p/CAlZ-7hAfAW/
290,almaonz,2020-05-25T00:53:12.000Z,ğŸ¥ºğŸ˜”,Reply,https://www.instagram.com/p/CAlZ-7hAfAW/
291,jeanneyangstyle,2020-05-25T01:01:29.000Z,Verified,2 likes,https://www.instagram.com/p/CAlZ-7hAfAW/
292,vanessavetor,2020-05-25T01:42:28.000Z,I wonder if my dad's on this list. I'd love to see this in person and try to find his name.,Reply,https://www.instagram.com/p/CAlZ-7hAfAW/
293,elizabeth_rh09,2020-05-25T02:02:34.000Z,ğŸ˜¢,Reply,https://www.instagram.com/p/CAlZ-7hAfAW/
294,alessia.sm,2020-05-25T02:17:40.000Z,ğŸ’”ğŸ’”ğŸ’”,Reply,https://www.instagram.com/p/CAlZ-7hAfAW/
295,nguyenpk2000,2020-05-25T02:22:13.000Z,ğŸ˜¢ğŸ˜¢,Reply,https://www.instagram.com/p/CAlZ-7hAfAW/
296,ronnakabler,2020-05-25T05:30:08.000Z,"ğŸ˜¢ğŸ˜¢ğŸ˜¢ğŸ˜¢ğŸ˜¢x 100,000",Reply,https://www.instagram.com/p/CAlZ-7hAfAW/
297,trammyhearts,2020-05-25T05:58:37.000Z,Heartbreaking :(,Reply,https://www.instagram.com/p/CAlZ-7hAfAW/
298,kathryntannert,2020-05-25T07:08:20.000Z,Stunning tribute.,Reply,https://www.instagram.com/p/CAlZ-7hAfAW/
299,duhduhdannny,2020-05-25T08:25:22.000Z,@hewwoitskc,Reply,https://www.instagram.com/p/CAlZ-7hAfAW/
300,frankieluvsasuke,2020-05-25T09:15:56.000Z,ğŸ™ğŸ»ğŸ™ğŸ»ğŸ™ğŸ»,Reply,https://www.instagram.com/p/CAlZ-7hAfAW/
301,joaobastos_catlover,2020-05-25T09:29:57.000Z,"That wouldn't happen if the US leaders and people would work together to stop the virus even before it entered the country, but they did nothing and like other countries in the world, its absolute chaos",1 like,https://www.instagram.com/p/CAlZ-7hAfAW/
302,sapphire18virgo,2020-05-25T12:24:26.000Z,ğŸ˜,Reply,https://www.instagram.com/p/CAlZ-7hAfAW/
303,jinkwang13,2020-05-25T15:45:15.000Z,this is pretty ominous,Reply,https://www.instagram.com/p/CAlZ-7hAfAW/
304,laveena.dias,2020-05-25T16:55:34.000Z,ğŸ˜¶,Reply,https://www.instagram.com/p/CAlZ-7hAfAW/
305,sk8maven,2020-05-25T19:20:16.000Z,ğŸ˜¢,Reply,https://www.instagram.com/p/CAlZ-7hAfAW/
306,bingchen,2020-05-16T02:40:56.000Z,Verified,18 likes,https://www.instagram.com/p/CAO3YI1gQM1/
307,nguyenpk2000,2020-05-16T02:58:19.000Z,ğŸ˜,Reply,https://www.instagram.com/p/CAO3YI1gQM1/
308,enbypedia,2020-05-16T03:03:23.000Z,where is maia,Reply,https://www.instagram.com/p/CAO3YI1gQM1/
309,shluvsaint,2020-05-16T03:18:29.000Z,ğŸ¥ºğŸ¥ºğŸ¥º,Reply,https://www.instagram.com/p/CAO3YI1gQM1/
310,miscalculasian,2020-05-16T03:50:53.000Z,You guys are true icons ğŸ˜¤ğŸ’ªğŸ¼,Reply,https://www.instagram.com/p/CAO3YI1gQM1/
311,lhy_czy,2020-05-16T04:02:04.000Z,wait is that alex or maiağŸ˜¶ (I mean the one standing in the middle of the ice ),1 like,https://www.instagram.com/p/CAO3YI1gQM1/
312,immmmari,2020-05-16T04:35:11.000Z,I went to see that show. It was a great moment to see your performancesğŸ˜‰,Reply,https://www.instagram.com/p/CAO3YI1gQM1/
313,shirleyann.44,2020-06-07T04:07:28.000Z,"Breonna Taylor.ğŸ˜¢â¤ï¸ Thanks, Alex!! ğŸ™ŒğŸ½",Reply,https://www.instagram.com/p/CBHmltSgHnj/
314,kim_is_so_lit,2020-06-07T04:21:39.000Z,Yes nobody is really talking about her but that's what they do to black women ğŸ‘ğŸ¾,Reply,https://www.instagram.com/p/CBHmltSgHnj/
315,rsw100,2020-06-07T04:32:06.000Z,#daviddorn,Reply,https://www.instagram.com/p/CBHmltSgHnj/
316,somisista,2020-06-24T02:05:46.000Z,I live by and embody the Olympic spirit and we all should,Reply,https://www.instagram.com/p/CBzONJ_gg2d/
317,majumder.kajol,2020-06-24T02:48:48.000Z,ğŸ˜ğŸ˜ğŸ˜ğŸ˜ğŸ‘ğŸ‘ğŸ‘,Reply,https://www.instagram.com/p/CBzONJ_gg2d/
318,lupitalunac_,2020-06-24T03:23:34.000Z,ğŸ™ŒğŸ™ŒğŸ™Œ,1 like,https://www.instagram.com/p/CBzONJ_gg2d/
319,nguyenpk2000,2020-06-24T03:41:45.000Z,â¤ï¸â¤ï¸â¤ï¸,Reply,https://www.instagram.com/p/CBzONJ_gg2d/
320,shibsbringlife,2020-06-24T05:49:46.000Z,ğŸ’—ğŸ’—ğŸ’—,Reply,https://www.instagram.com/p/CBzONJ_gg2d/
321,nurgul._is,2020-06-24T08:06:32.000Z,ğŸ˜˜ğŸ˜˜,Reply,https://www.instagram.com/p/CBzONJ_gg2d/
322,marky_gm,2020-06-01T04:04:04.000Z,The Shib sibs are a blessing to this world âœŠğŸ½,Reply,https://www.instagram.com/p/CA4M5osgM0Q/
323,cpk5110,2020-06-01T04:06:13.000Z,ğŸ˜¢,Reply,https://www.instagram.com/p/CA4M5osgM0Q/
324,kaitloonvuoong,2020-06-01T04:12:07.000Z,"THE K*K ARE IN MINNEAPOLIS ON CHICAGO AND 38TH. PLEASE LEAVE.ICE IS ARRESTING&amp;DEPORTING PPL FROM LA PROTEST PLEASE HELP SPREAD THE MESSAGE. ALSO DO NOT CLICK ON LINKS CONTAINING ""grabify"" OR ANYTHING SIMILAR, THEY ARE DOXXING LINKS AND WILL GET YOUR INFORMATION. IF YOU HAVE THE TIME PLEASE VIEW MY ""stay safe"" HIGHLIGHT FOR MORE INFORMATION",9 likes,https://www.instagram.com/p/CA4M5osgM0Q/
325,osenrothcourtney,2020-06-01T04:15:07.000Z,This is why people protest.,Reply,https://www.instagram.com/p/CA4M5osgM0Q/
326,shluvsaint,2020-06-01T04:54:29.000Z,Say their names.,Reply,https://www.instagram.com/p/CA4M5osgM0Q/
327,kathryntannert,2020-06-01T04:59:54.000Z,"Amadou Diallo, from Guinea, living in NYC, felled in a hail of police gunfire on his front door step while reaching for his wallet. ğŸ’”",Reply,https://www.instagram.com/p/CA4M5osgM0Q/
328,aya_park01,2020-06-01T05:09:29.000Z,OmgğŸ’”ğŸ’”,Reply,https://www.instagram.com/p/CA4M5osgM0Q/
329,nguyenpk2000,2020-06-01T06:04:27.000Z,ğŸ‘ğŸ‘ğŸ‘ğŸ‘,Reply,https://www.instagram.com/p/CA4M5osgM0Q/
330,brunalsbatista,2020-06-01T07:50:07.000Z,JoÃ£o Pedro,Reply,https://www.instagram.com/p/CA4M5osgM0Q/
331,brunalsbatista,2020-06-01T07:50:13.000Z,Carlos Magno,Reply,https://www.instagram.com/p/CA4M5osgM0Q/
332,brunalsbatista,2020-06-01T07:50:30.000Z,Everson GonÃ§alves,Reply,https://www.instagram.com/p/CA4M5osgM0Q/
333,brunalsbatista,2020-06-01T07:50:45.000Z,Herinaldo Vinicius,Reply,https://www.instagram.com/p/CA4M5osgM0Q/
334,brunalsbatista,2020-06-01T07:50:57.000Z,Alan de Souza,Reply,https://www.instagram.com/p/CA4M5osgM0Q/
335,brunalsbatista,2020-06-01T07:51:19.000Z,Ãgata Felix,Reply,https://www.instagram.com/p/CA4M5osgM0Q/
336,brunalsbatista,2020-06-01T07:51:42.000Z,âœŠğŸ¾âœŠğŸ¾âœŠğŸ¿âœŠğŸ½âœŠğŸ½,Reply,https://www.instagram.com/p/CA4M5osgM0Q/
337,joiedemavie330,2020-06-01T17:42:58.000Z,This is powerful,Reply,https://www.instagram.com/p/CA4M5osgM0Q/
338,nelflez,2020-06-01T18:37:48.000Z,Why are there huge spaces in between the dashes and the names going down?,Reply,https://www.instagram.com/p/CA4M5osgM0Q/
339,pritty.gorl,2020-06-01T19:01:45.000Z,There shouldnâ€™t be this many ğŸ˜¤,Reply,https://www.instagram.com/p/CA4M5osgM0Q/
340,marinalavrow,2020-07-21T10:26:57.000Z,"Happy birthday, Mais.",Reply,https://www.instagram.com/p/CC4qaZeAUYD/
341,kirbydavis14,2020-07-21T10:50:41.000Z,â¤ï¸â¤ï¸â¤ï¸â¤ï¸,Reply,https://www.instagram.com/p/CC4qaZeAUYD/
342,winesg1844,2020-07-21T11:29:32.000Z,Happy Birthday! Hope you have a wonderful day!,Reply,https://www.instagram.com/p/CC4qaZeAUYD/
343,joannaczechofficial,2020-07-21T11:50:52.000Z,Verified,4 likes,https://www.instagram.com/p/CC4qaZeAUYD/
344,cajorige,2020-07-21T11:52:10.000Z,ğŸ‚happy birthday ğŸ‰,Reply,https://www.instagram.com/p/CC4qaZeAUYD/
345,shikgupta,2020-07-21T12:30:37.000Z,ğŸ˜­ğŸ˜­ğŸ˜­ğŸ¥°ğŸ¥°ğŸ¥°,Reply,https://www.instagram.com/p/CC4qaZeAUYD/
346,method331,2020-07-21T12:49:47.000Z,ğŸ‘ğŸ¼ğŸ‘ğŸ¼ğŸ‘ğŸ¼ğŸ‘ğŸ¼,Reply,https://www.instagram.com/p/CC4qaZeAUYD/
347,rei8006,2020-07-21T12:52:58.000Z,ğŸ‰ğŸ’ğŸ’•ğŸ‚*ï½¥ã‚œï¾Ÿï½¥*:.ï½¡..ï½¡.:*ï½¥'(*ï¾Ÿâ–½ï¾Ÿ*)'ï½¥*:.ï½¡. .ï½¡.:*ï½¥ã‚œï¾Ÿï½¥*,Reply,https://www.instagram.com/p/CC4qaZeAUYD/
348,eunyoungsaccount,2020-07-21T13:03:16.000Z,This is so sweetly written ğŸ¥º i hope both of you have wonderful days!,Reply,https://www.instagram.com/p/CC4qaZeAUYD/
349,viadance,2020-07-21T13:46:22.000Z,Happy birthday Maia!,Reply,https://www.instagram.com/p/CC4qaZeAUYD/
350,lillacblue,2020-07-21T14:34:15.000Z,"Beautiful  words,  i hope your sister has a beautiful  and wonderful  birthday xx shes one lucky lady to have a big brother  like you ğŸ’™â¤ï¸",Reply,https://www.instagram.com/p/CC4qaZeAUYD/
351,_irenahana_,2020-07-21T15:41:17.000Z,"Happy Birthday, Maia!!! â¤â¤â¤â¤â¤â¤â¤",Reply,https://www.instagram.com/p/CC4qaZeAUYD/
352,rms.raq,2020-07-21T15:43:44.000Z,Siblings goals ğŸ’¯,Reply,https://www.instagram.com/p/CC4qaZeAUYD/
353,casssey.kc,2020-07-21T15:53:25.000Z,â¤ï¸â¤ï¸,Reply,https://www.instagram.com/p/CC4qaZeAUYD/
354,gowrinotgawri,2020-07-21T16:13:33.000Z,HAPPY BIRTHDAY MAIAAAğŸŒŸğŸŒŸ One of the talents that got me into the magic of skating â¤ï¸â¤ï¸ STAY AMAZING!!,Reply,https://www.instagram.com/p/CC4qaZeAUYD/
355,misabop,2020-07-21T16:26:29.000Z,Happy happy birthday sweet Maia!! ğŸ’—ğŸ’—ğŸ’—,Reply,https://www.instagram.com/p/CC4qaZeAUYD/
356,valebarberini,2020-07-21T20:44:09.000Z,â™¥ï¸,Reply,https://www.instagram.com/p/CC4qaZeAUYD/
357,sophietrin012,2020-07-21T23:22:38.000Z,Beautiful family relationships ğŸ˜Šâ¤ï¸,Reply,https://www.instagram.com/p/CC4qaZeAUYD/
358,dawgdaycrafting,2020-07-21T23:30:13.000Z,Happy Birthday!  You share the day with another special gal... My daughter!  And you have the best Big Bro Ever!!ğŸ˜ŠğŸ’•,Reply,https://www.instagram.com/p/CC4qaZeAUYD/
359,spacesoflife,2020-07-21T23:45:24.000Z,yesss this would make a cool cover lol #90skids ğŸ™ŒğŸ¼ğŸ˜Whenâ€™s the album dropping??ğŸ˜†,Reply,https://www.instagram.com/p/CC4qaZeAUYD/
360,sandrabea2876,2020-07-22T04:31:39.000Z,ğŸ˜ğŸˆğŸˆğŸˆğŸˆğŸ‰ğŸ‰ğŸ‰ğŸ‰ğŸğŸğŸğŸ‚ğŸ‚ğŸ‚,Reply,https://www.instagram.com/p/CC4qaZeAUYD/
361,maryloureiff,2020-07-23T23:31:54.000Z,â¤ï¸,Reply,https://www.instagram.com/p/CC4qaZeAUYD/
362,nicoleest1992,2020-07-24T14:40:16.000Z,"Aww.. such an adorable siblings. Happy Birthday, Maia!â¤ï¸",Reply,https://www.instagram.com/p/CC4qaZeAUYD/
363,bubngaa,2020-08-08T16:22:50.000Z,beard update?,Reply,https://www.instagram.com/p/CDooKnKgTlG/
364,salemchaimaa,2020-08-08T16:25:03.000Z,ğŸ˜ğŸ˜ğŸ˜ğŸ˜ğŸ˜ğŸ˜ğŸ˜ğŸ˜ğŸ˜,Reply,https://www.instagram.com/p/CDooKnKgTlG/
365,sophietrin012,2020-08-08T16:26:13.000Z,ğŸ‘ğŸ»ğŸ˜Š,Reply,https://www.instagram.com/p/CDooKnKgTlG/
366,mymonaverse,2020-08-08T16:27:46.000Z,So nice of them to help out!,1 like,https://www.instagram.com/p/CDooKnKgTlG/
367,acithamid,2020-08-08T16:33:11.000Z,The caption is genius ğŸ‘ğŸ¼ğŸ‘ğŸ¼,Reply,https://www.instagram.com/p/CDooKnKgTlG/
368,ays.dilara,2020-08-08T16:41:57.000Z,We appreciate them ants,2 likes,https://www.instagram.com/p/CDooKnKgTlG/
369,seemarayshri,2020-08-08T16:43:50.000Z,The talent that those ants have.... impressive,2 likes,https://www.instagram.com/p/CDooKnKgTlG/
370,hiendnguyen,2020-08-08T16:52:19.000Z,They didn't crop it right. Needs editing.,1 like,https://www.instagram.com/p/CDooKnKgTlG/
371,lupitalunac_,2020-08-08T16:53:48.000Z,ğŸ˜ğŸ˜ğŸ˜,Reply,https://www.instagram.com/p/CDooKnKgTlG/
372,charles_e_hooper,2020-08-08T17:24:17.000Z,PAP- professional ant photography services at your service! ğŸ˜‚ğŸ¤£ğŸ˜‚,Reply,https://www.instagram.com/p/CDooKnKgTlG/
373,sabrinamiko,2020-08-08T17:28:11.000Z,ğŸœ,1 like,https://www.instagram.com/p/CDooKnKgTlG/
374,ss_sprout,2020-08-08T17:40:08.000Z,The caption is ğŸ‘ŒğŸ½ğŸ‘ŒğŸ½ğŸ¤£,Reply,https://www.instagram.com/p/CDooKnKgTlG/
375,rice_leong,2020-08-08T17:41:08.000Z,hows training alex?,Reply,https://www.instagram.com/p/CDooKnKgTlG/
376,nguyenpk2000,2020-08-08T18:07:58.000Z,ğŸ˜ğŸ˜ğŸ˜,Reply,https://www.instagram.com/p/CDooKnKgTlG/
377,tiffstrash,2020-08-08T19:23:19.000Z,Nice,Reply,https://www.instagram.com/p/CDooKnKgTlG/
378,alexis.renaaaaa,2020-08-08T19:51:45.000Z,"Yes, thank you ants for snapping this masterpieceğŸ˜‚",1 like,https://www.instagram.com/p/CDooKnKgTlG/
379,this_figureskatingmeme,2020-08-08T21:01:03.000Z,Am i the only one who looked and didnt see alex in the corner until about 20 seconds later??ğŸ‘ğŸ‘„ğŸ‘,1 like,https://www.instagram.com/p/CDooKnKgTlG/
380,holy_kwakamole,2020-08-08T21:08:46.000Z,C L I C K,Reply,https://www.instagram.com/p/CDooKnKgTlG/
381,michellejwlee,2020-08-08T22:15:49.000Z,ğŸœğŸœğŸœ,Reply,https://www.instagram.com/p/CDooKnKgTlG/
382,teuska._,2020-08-08T23:41:16.000Z,ants best babies ğŸ˜,Reply,https://www.instagram.com/p/CDooKnKgTlG/
383,majumder.kajol,2020-08-09T02:18:29.000Z,ğŸ˜†ğŸ˜†ğŸ˜†ğŸ‘ŒğŸ‘ŒğŸ‘Œâ¤ï¸â¤ï¸,Reply,https://www.instagram.com/p/CDooKnKgTlG/
384,_gulzhan0267,2020-08-09T04:36:49.000Z,ğŸ”¥,Reply,https://www.instagram.com/p/CDooKnKgTlG/
385,ughndy_,2020-08-09T05:04:33.000Z,The ants said thanks for the photo credit ğŸœ,Reply,https://www.instagram.com/p/CDooKnKgTlG/
386,nguyenpk2000,2020-07-03T03:56:28.000Z,ğŸ‘ğŸ‘ğŸ‘,Reply,https://www.instagram.com/p/CCKY5fKAV3l/
387,shibsbringlife,2020-07-03T05:41:34.000Z,Great job guys! I've learned so much from you two and your guests! ğŸ‘,Reply,https://www.instagram.com/p/CCKY5fKAV3l/
388,esterineeee,2020-08-26T02:06:44.000Z,So coolğŸ™Œ,Reply,https://www.instagram.com/p/CEVZlqvgpoh/
389,alissandra.aronow,2020-08-26T02:09:21.000Z,Yay! So excited for you and Maia!!,1 like,https://www.instagram.com/p/CEVZlqvgpoh/
390,majumder.kajol,2020-08-26T02:11:54.000Z,Congrats â¤ï¸â¤ï¸ğŸ‘,Reply,https://www.instagram.com/p/CEVZlqvgpoh/
391,japanconnectshollywood,2020-08-26T02:25:49.000Z,Fantastic,Reply,https://www.instagram.com/p/CEVZlqvgpoh/
392,colorflame,2020-08-26T02:47:26.000Z,So cool!! ğŸ‰,1 like,https://www.instagram.com/p/CEVZlqvgpoh/
393,garoo9446,2020-08-26T03:06:25.000Z,Kudo is most famous ditictive in Japan.,Reply,https://www.instagram.com/p/CEVZlqvgpoh/
394,puntastic.death,2020-08-26T03:22:10.000Z,Yes!!! ğŸ˜ğŸ’•,Reply,https://www.instagram.com/p/CEVZlqvgpoh/
395,misabop,2020-08-26T03:31:40.000Z,ğŸ™ŒğŸ™ŒğŸ™Œ,1 like,https://www.instagram.com/p/CEVZlqvgpoh/
396,arden_cho,2020-08-26T04:03:15.000Z,Verified,4 likes,https://www.instagram.com/p/CEVZlqvgpoh/
397,bigsharm,2020-08-26T04:27:58.000Z,Verified,2 likes,https://www.instagram.com/p/CEVZlqvgpoh/
398,nakamuras.curse,2020-08-26T04:30:08.000Z,when you already got an advanced readers copy at ALA and love it ğŸ˜¤ğŸ’œ,1 like,https://www.instagram.com/p/CEVZlqvgpoh/
399,shibsbringlife,2020-08-26T04:31:22.000Z,ğŸ¤©ğŸ‘ğŸ‘ğŸ‘,1 like,https://www.instagram.com/p/CEVZlqvgpoh/
400,discoverla,2020-08-26T04:37:02.000Z,Verified,1 like,https://www.instagram.com/p/CEVZlqvgpoh/
401,this_figureskatingmeme,2020-08-26T05:26:20.000Z,Will it be available internationally?,Reply,https://www.instagram.com/p/CEVZlqvgpoh/
402,daisy._16,2020-08-26T06:25:38.000Z,"Congratulations,@maiashibutani  @alexshibutaniâ€¼ï¸ ğŸ‘ğŸ‘ğŸ‘ğŸ’ğŸ’ğŸ’",Reply,https://www.instagram.com/p/CEVZlqvgpoh/
403,jaybs3,2020-08-26T07:07:39.000Z,â¤ï¸,Reply,https://www.instagram.com/p/CEVZlqvgpoh/
404,nurgul._is,2020-08-26T09:33:49.000Z,ğŸ‰ğŸ‰ğŸ‰ğŸ‘,Reply,https://www.instagram.com/p/CEVZlqvgpoh/
405,penguinkids,2020-08-26T15:42:15.000Z,Verified,1 like,https://www.instagram.com/p/CEVZlqvgpoh/
406,lani_cre8tions,2020-08-26T15:51:16.000Z,Congrats ğŸ‘ğŸ¾,Reply,https://www.instagram.com/p/CEVZlqvgpoh/
407,shibsibs,2020-08-26T19:05:08.000Z,Verified,1 like,https://www.instagram.com/p/CEVZlqvgpoh/
408,jennawang_,2020-08-27T15:51:43.000Z,@melvina__k Hahahaha aw,Reply,https://www.instagram.com/p/CEVZlqvgpoh/
409,tusyam1,2020-08-27T19:24:10.000Z,Congratulations ğŸˆğŸŠğŸ‰,Reply,https://www.instagram.com/p/CEVZlqvgpoh/
410,jasonalin,2020-09-04T17:48:28.000Z,ğŸ˜ğŸ˜ğŸ˜ğŸ˜ğŸ˜ğŸ˜,Reply,https://www.instagram.com/p/CEVZlqvgpoh/
411,airbear,2020-09-01T03:13:58.000Z,Those messages ğŸ˜‚ğŸ‘ŒğŸ¼,1 like,https://www.instagram.com/p/CEktk36AOCU/
412,majumder.kajol,2020-09-01T03:57:30.000Z,ğŸ˜ğŸ˜ğŸ‘ğŸ‘,Reply,https://www.instagram.com/p/CEktk36AOCU/
413,squishydumpling,2020-09-01T04:12:05.000Z,You two are awesome! Keep spreading that good energy!,Reply,https://www.instagram.com/p/CEktk36AOCU/
414,imgezeynep,2020-09-01T04:13:07.000Z,shsidkskalsnxjxlsosnzksj,Reply,https://www.instagram.com/p/CEktk36AOCU/
415,missginganinga,2020-09-01T04:15:18.000Z,This is so wholesome ğŸ¥º,Reply,https://www.instagram.com/p/CEktk36AOCU/
416,_jujjubee,2020-09-01T04:17:43.000Z,These are so precious and spark so much joy ğŸ˜‚ğŸ˜‚ğŸ˜‚,Reply,https://www.instagram.com/p/CEktk36AOCU/
417,ja.meimei,2020-09-01T04:56:11.000Z,@xiaojun.hendery TOMORROW,Reply,https://www.instagram.com/p/CEktk36AOCU/
418,gulugulufulufulumulumulu,2020-09-01T08:47:56.000Z,Oh to have money to text you from Turkey,Reply,https://www.instagram.com/p/CEktk36AOCU/
419,ongsherwei,2020-09-01T09:52:16.000Z,Gotta respect that bread thoâœŠğŸ˜‚,Reply,https://www.instagram.com/p/CEktk36AOCU/
420,vickysigsworth,2020-09-01T10:14:15.000Z,Would it cost me more to text you from the UK?  Very tempted.,Reply,https://www.instagram.com/p/CEktk36AOCU/
421,itchylee,2020-09-01T11:17:53.000Z,SO FLIRTY AGEHDJ ğŸ˜…,Reply,https://www.instagram.com/p/CEktk36AOCU/
422,heejin_jocelyn19,2020-09-01T12:31:04.000Z,ì™€ ì§„ì§œì˜€êµ¬ë‚˜,Reply,https://www.instagram.com/p/CEktk36AOCU/
423,heejin_jocelyn19,2020-09-01T12:31:14.000Z,ë‚˜ë„ í•˜ë©´ ë°›ì•„ì£¼ë‚˜,Reply,https://www.instagram.com/p/CEktk36AOCU/
424,4lex.vu,2020-09-01T14:23:01.000Z,@vyvpham lolol lol at these text!!!,1 like,https://www.instagram.com/p/CEktk36AOCU/
425,stillrebeccaa,2020-09-01T14:31:41.000Z,Itâ€™s ALL about the olive bread,Reply,https://www.instagram.com/p/CEktk36AOCU/
426,stephsc.jpeg,2020-09-01T14:45:37.000Z,The last one ğŸ˜‚ @sk8stace,Reply,https://www.instagram.com/p/CEktk36AOCU/
427,_nathan.dev,2020-09-01T15:37:40.000Z,"You can tell I'm a Brit of a certain era  because I read the last text and my immediate thought was ""Gaaaaarlic bread?"" (There was a sitcom called ""Phoenix Nights"" that made a joke about it, and now I can't hear anyone talking about garlic bread without thinking of it.)",Reply,https://www.instagram.com/p/CEktk36AOCU/
428,magda84s,2020-09-01T15:53:21.000Z,Would be cool to text not sure you can do when youâ€™re not in the states though ;( but funny texts ğŸ˜‚,Reply,https://www.instagram.com/p/CEktk36AOCU/
429,norijayn,2020-09-01T23:23:16.000Z,did u like my cat bella,Reply,https://www.instagram.com/p/CEktk36AOCU/
430,exuberantsaqlain,2020-09-02T00:32:41.000Z,the best thing that could've happened in 2020 if im being honest ğŸ¤©,Reply,https://www.instagram.com/p/CEktk36AOCU/
431,irma_animaniac,2020-09-02T06:33:45.000Z,Garlic bread is a necessity,Reply,https://www.instagram.com/p/CEktk36AOCU/
432,dumplingfung,2020-09-02T23:55:57.000Z,ğŸ˜‚ğŸ˜‚ @felixyaujx  it turns out @shibsibs like olive bread.. and sourdough ğŸ¤” Weirdd I swear I know a place that has that @fifebakery,1 like,https://www.instagram.com/p/CEktk36AOCU/
433,pawavet,2020-09-03T01:45:29.000Z,What is your favorite pizza?,Reply,https://www.instagram.com/p/CEktk36AOCU/
434,bubngaa,2020-08-08T16:22:50.000Z,beard update?,Reply,https://www.instagram.com/p/CDooKnKgTlG/
435,salemchaimaa,2020-08-08T16:25:03.000Z,ğŸ˜ğŸ˜ğŸ˜ğŸ˜ğŸ˜ğŸ˜ğŸ˜ğŸ˜ğŸ˜,Reply,https://www.instagram.com/p/CDooKnKgTlG/
436,sophietrin012,2020-08-08T16:26:13.000Z,ğŸ‘ğŸ»ğŸ˜Š,Reply,https://www.instagram.com/p/CDooKnKgTlG/
437,mymonaverse,2020-08-08T16:27:46.000Z,So nice of them to help out!,1 like,https://www.instagram.com/p/CDooKnKgTlG/
438,acithamid,2020-08-08T16:33:11.000Z,The caption is genius ğŸ‘ğŸ¼ğŸ‘ğŸ¼,Reply,https://www.instagram.com/p/CDooKnKgTlG/
439,ays.dilara,2020-08-08T16:41:57.000Z,We appreciate them ants,2 likes,https://www.instagram.com/p/CDooKnKgTlG/
440,seemarayshri,2020-08-08T16:43:50.000Z,The talent that those ants have.... impressive,2 likes,https://www.instagram.com/p/CDooKnKgTlG/
441,hiendnguyen,2020-08-08T16:52:19.000Z,They didn't crop it right. Needs editing.,1 like,https://www.instagram.com/p/CDooKnKgTlG/
442,lupitalunac_,2020-08-08T16:53:48.000Z,ğŸ˜ğŸ˜ğŸ˜,Reply,https://www.instagram.com/p/CDooKnKgTlG/
443,charles_e_hooper,2020-08-08T17:24:17.000Z,PAP- professional ant photography services at your service! ğŸ˜‚ğŸ¤£ğŸ˜‚,Reply,https://www.instagram.com/p/CDooKnKgTlG/
444,sabrinamiko,2020-08-08T17:28:11.000Z,ğŸœ,1 like,https://www.instagram.com/p/CDooKnKgTlG/
445,ss_sprout,2020-08-08T17:40:08.000Z,The caption is ğŸ‘ŒğŸ½ğŸ‘ŒğŸ½ğŸ¤£,Reply,https://www.instagram.com/p/CDooKnKgTlG/
446,rice_leong,2020-08-08T17:41:08.000Z,hows training alex?,Reply,https://www.instagram.com/p/CDooKnKgTlG/
447,nguyenpk2000,2020-08-08T18:07:58.000Z,ğŸ˜ğŸ˜ğŸ˜,Reply,https://www.instagram.com/p/CDooKnKgTlG/
448,tiffstrash,2020-08-08T19:23:19.000Z,Nice,Reply,https://www.instagram.com/p/CDooKnKgTlG/
449,alexis.renaaaaa,2020-08-08T19:51:45.000Z,"Yes, thank you ants for snapping this masterpieceğŸ˜‚",1 like,https://www.instagram.com/p/CDooKnKgTlG/
450,this_figureskatingmeme,2020-08-08T21:01:03.000Z,Am i the only one who looked and didnt see alex in the corner until about 20 seconds later??ğŸ‘ğŸ‘„ğŸ‘,1 like,https://www.instagram.com/p/CDooKnKgTlG/
451,holy_kwakamole,2020-08-08T21:08:46.000Z,C L I C K,Reply,https://www.instagram.com/p/CDooKnKgTlG/
452,michellejwlee,2020-08-08T22:15:49.000Z,ğŸœğŸœğŸœ,Reply,https://www.instagram.com/p/CDooKnKgTlG/
453,teuska._,2020-08-08T23:41:16.000Z,ants best babies ğŸ˜,Reply,https://www.instagram.com/p/CDooKnKgTlG/
454,majumder.kajol,2020-08-09T02:18:29.000Z,ğŸ˜†ğŸ˜†ğŸ˜†ğŸ‘ŒğŸ‘ŒğŸ‘Œâ¤ï¸â¤ï¸,Reply,https://www.instagram.com/p/CDooKnKgTlG/
455,_gulzhan0267,2020-08-09T04:36:49.000Z,ğŸ”¥,Reply,https://www.instagram.com/p/CDooKnKgTlG/
456,ughndy_,2020-08-09T05:04:33.000Z,The ants said thanks for the photo credit ğŸœ,Reply,https://www.instagram.com/p/CDooKnKgTlG/
457,nirielizher,2020-09-29T23:57:18.000Z,AjÃ¡,Reply,https://www.instagram.com/p/CFvVeB6gYRv/
458,igloosunday,2020-09-30T00:09:13.000Z,Nice knowing ya if you're trying in flip flops (zori)! Try climbing in Joshua Tree first :),Reply,https://www.instagram.com/p/CFvVeB6gYRv/
459,iamalliejr,2020-09-30T00:37:39.000Z,Ummmm... please donâ€™t.,Reply,https://www.instagram.com/p/CFvVeB6gYRv/
460,tonielizabeth1,2020-09-30T00:38:32.000Z,Scary!! Take care !ğŸ™,Reply,https://www.instagram.com/p/CFvVeB6gYRv/
461,tcatroppo,2020-09-30T00:43:45.000Z,I almost thought that rock had a persons face on it! Lol,Reply,https://www.instagram.com/p/CFvVeB6gYRv/
462,hiendnguyen,2020-09-30T01:05:24.000Z,Need picture of you at the top of the rock.,Reply,https://www.instagram.com/p/CFvVeB6gYRv/
463,ming_mingsz,2020-09-30T01:23:15.000Z,alex honnold has left the chat,1 like,https://www.instagram.com/p/CFvVeB6gYRv/
464,aemirri,2020-09-30T01:25:25.000Z,I believe in you bro,Reply,https://www.instagram.com/p/CFvVeB6gYRv/
465,sophiahwat,2020-09-30T02:07:42.000Z,haters will say it's impossible,4 likes,https://www.instagram.com/p/CFvVeB6gYRv/
466,morrow.sim,2020-09-30T02:26:44.000Z,It's the power of the beach hoodie!,Reply,https://www.instagram.com/p/CFvVeB6gYRv/
467,annie._chan,2020-09-30T02:55:09.000Z,I WENT TO THAT BEACH A WEEK AGO!! El Matador Beach!!,Reply,https://www.instagram.com/p/CFvVeB6gYRv/
468,lupitalunac_,2020-09-30T02:55:55.000Z,ğŸ™Œâ¤ï¸,Reply,https://www.instagram.com/p/CFvVeB6gYRv/
469,tltolympicspodcast,2020-09-30T04:51:46.000Z,Great shot ğŸ‘â¤ï¸,Reply,https://www.instagram.com/p/CFvVeB6gYRv/
470,everythingwithchocoo,2020-09-30T11:38:47.000Z,é ‘å¼µã£ã¦ã­,Reply,https://www.instagram.com/p/CFvVeB6gYRv/
471,ikanakonish,2020-10-01T08:28:18.000Z,Haha youâ€™re so punny ğŸ¥°,Reply,https://www.instagram.com/p/CFvVeB6gYRv/
472,vocetejewelry_team_phildence,2020-10-04T15:32:33.000Z,"Hey Alex, great feed! Weâ€™d like to collab with you. Message our main account @vocetejewelry and tell them we sent you!",Reply,https://www.instagram.com/p/CFvVeB6gYRv/
473,sakanrads,2020-10-07T17:59:18.000Z,SHAWTY,Reply,https://www.instagram.com/p/CFvVeB6gYRv/
474,karentanglong,2020-10-12T04:39:35.000Z,"Both fits look good, but thereâ€™s something dreamy about the 2ndğŸ˜‰",1 like,https://www.instagram.com/p/CGOWcY5gPfd/
475,shibsbringlife,2020-10-12T04:47:28.000Z,"Both looks are good, you're so handsome. Just make sure to wear plenty of sunscreen and apply often.",1 like,https://www.instagram.com/p/CGOWcY5gPfd/
476,minxjia,2020-10-12T05:12:10.000Z,ğŸ˜­ğŸ˜­â™¥ï¸ the looks are being served tonight and Iâ€™m dying,1 like,https://www.instagram.com/p/CGOWcY5gPfd/
477,corrie_fong808,2020-10-12T05:44:36.000Z,Asian males look great in anything!!â¤ï¸,3 likes,https://www.instagram.com/p/CGOWcY5gPfd/
478,seihituna,2020-10-12T06:15:21.000Z,ğŸ˜,Reply,https://www.instagram.com/p/CGOWcY5gPfd/
479,jdland623,2020-10-12T07:03:54.000Z,ğŸ’œğŸ’œ,Reply,https://www.instagram.com/p/CGOWcY5gPfd/
480,indi_iindi,2020-10-12T09:27:32.000Z,MODELING KING ğŸ˜»ğŸ˜»ğŸ˜»I LOVE YOU ALEX!!,1 like,https://www.instagram.com/p/CGOWcY5gPfd/
481,xrhodge,2020-10-12T09:33:29.000Z,Verified,1 like,https://www.instagram.com/p/CGOWcY5gPfd/
482,dougpianist,2020-10-12T10:16:28.000Z,Too bad they shut down the only Ralph Lauren/ Polo store in ATL!,Reply,https://www.instagram.com/p/CGOWcY5gPfd/
483,marikangster,2020-10-12T18:06:49.000Z,Omg! Looks great! ğŸ’•I LOVE the sweater!!! And I always thought you could model â˜ºï¸,1 like,https://www.instagram.com/p/CGOWcY5gPfd/
484,jeanneyangstyle,2020-10-13T03:39:50.000Z,Verified,2 likes,https://www.instagram.com/p/CGOWcY5gPfd/
485,trinityychoi,2020-10-13T04:29:55.000Z,he rly said âœ¨one w natureâœ¨,Reply,https://www.instagram.com/p/CGOWcY5gPfd/
486,reycanlasjr,2020-10-13T21:53:14.000Z,BOOM! ğŸ’¥ğŸ˜‚,Reply,https://www.instagram.com/p/CGOWcY5gPfd/
487,wjk_35,2020-10-14T18:34:30.000Z,"Alex, both of those looks are dope!",Reply,https://www.instagram.com/p/CGOWcY5gPfd/
488,pajshoua_tsab,2020-10-14T18:57:03.000Z,Awesome outfits! now I have to buy the same ones for my hubby ğŸ˜ŠğŸ˜Š,Reply,https://www.instagram.com/p/CGOWcY5gPfd/
489,reggaecurl,2020-10-15T15:10:13.000Z,â¤ï¸,Reply,https://www.instagram.com/p/CGOWcY5gPfd/
490,_virginiayoung_,2020-10-17T17:36:55.000Z,Great transition! ğŸ‘ğŸ¼ğŸ˜,Reply,https://www.instagram.com/p/CGOWcY5gPfd/
491,bonikabuwu,2020-10-18T01:49:42.000Z,"I just found you a second ago, but you so fineeeeeâœ¨",Reply,https://www.instagram.com/p/CGOWcY5gPfd/
492,aybaybayjae,2020-10-18T13:26:44.000Z,Swagggggg yo~ğŸ”¥ğŸ”¥ğŸ”¥,Reply,https://www.instagram.com/p/CGOWcY5gPfd/
493,jilldemling,2020-10-18T21:03:21.000Z,Verified,Reply,https://www.instagram.com/p/CGOWcY5gPfd/
494,paulo.eduardo_ciclista,2020-10-19T09:28:22.000Z,??,Reply,https://www.instagram.com/p/CGOWcY5gPfd/
495,paulo.eduardo_ciclista,2020-10-19T09:28:26.000Z,"Kindly check your dm,",Reply,https://www.instagram.com/p/CGOWcY5gPfd/
496,kseniya_1904,2020-10-23T08:25:04.000Z,"Hello, please help the athlete, the champion of Russia on rowing Oleg Jankowska. His son @leohelp20 is sick, he has a rare type 1 SMA disease and needs to get the most expensive shot in the world #zolgensma.only 70 DAYS left ğŸ˜­ ğŸ˜­ ğŸ˜­ There's no time left!!!! Good PEOPLE do not pass by!!!! Save the life of a BABY ğŸ™ ğŸ™ğŸ™ğŸ‡·ğŸ‡ºğŸ‡·ğŸ‡ºğŸ‡·ğŸ‡ºğŸ‡·ğŸ‡ºğŸ‡·ğŸ‡ºğŸ‡·ğŸ‡ºğŸ‡·ğŸ‡ºğŸ‡·ğŸ‡ºğŸ‡·ğŸ‡º #Ğ›ĞµĞ½ÑĞ¶Ğ¸Ğ²Ğ¸ #ÑĞ¼ĞºĞ¾Ğ²ÑĞºĞ¸Ğ¹Ğ»ĞµĞ½Ñ #Ğ»ĞµĞ½ÑÑĞ¼ĞºĞ¾Ğ²ÑĞºĞ¸Ğ¹",Reply,https://www.instagram.com/p/CGOWcY5gPfd/
497,anycruz2353,2020-09-11T00:43:42.000Z,ğŸ‘ğŸ‘ğŸ‘â™¥ï¸,Reply,https://www.instagram.com/p/CE-b_I3geby/
498,jimkwik,2020-09-11T00:52:37.000Z,Verified,1 like,https://www.instagram.com/p/CE-b_I3geby/
499,marikangster,2020-09-11T01:01:34.000Z,ğŸ’–ğŸ’–ğŸ’–,1 like,https://www.instagram.com/p/CE-b_I3geby/
500,silvia_vixx,2020-09-11T02:13:26.000Z,ğŸ‰ğŸ‰ğŸ‰ğŸ‰ğŸ…ğŸ…ğŸ…ğŸ…,Reply,https://www.instagram.com/p/CE-b_I3geby/
501,majumder.kajol,2020-09-11T02:36:10.000Z,ğŸ˜ğŸ˜ğŸ‘ğŸ‘ğŸ‘,Reply,https://www.instagram.com/p/CE-b_I3geby/
502,shibsbringlife,2020-09-11T04:56:11.000Z,ğŸ‘ğŸ™ŒğŸ¥³ğŸ‰,Reply,https://www.instagram.com/p/CE-b_I3geby/
503,jasonalin,2020-09-11T05:01:55.000Z,ğŸ‘ğŸ‘ğŸ‘ğŸ‘ğŸ‘ğŸ‘ğŸ‘,Reply,https://www.instagram.com/p/CE-b_I3geby/
504,im.your.phan,2020-09-11T06:23:10.000Z,So happy for u guys yâ€™all are doing amazing things ğŸ¥ºğŸ’– writing a whole ass book ğŸ˜©,Reply,https://www.instagram.com/p/CE-b_I3geby/
505,cosette.chaput,2020-09-11T20:03:21.000Z,ğŸ‘ğŸ‘ğŸ‘,Reply,https://www.instagram.com/p/CE-b_I3geby/
506,jdstirlingwolf,2020-10-28T06:29:51.000Z,So did I,1 like,https://www.instagram.com/p/CG3g_ifg4FA/
507,torriiee_01,2020-10-28T07:41:20.000Z,Modern Educayshun - Neel Kolhatkar,Reply,https://www.instagram.com/p/CG3g_ifg4FA/
508,steve.arthur.lv,2020-10-28T08:47:43.000Z,Kudos!!!,Reply,https://www.instagram.com/p/CG3g_ifg4FA/
509,axelsvenmg,2020-10-28T08:48:58.000Z,good decision,Reply,https://www.instagram.com/p/CG3g_ifg4FA/
510,toshihiroiijlma,2020-10-28T10:54:14.000Z,â¤ï¸â¤ï¸â¤ï¸,Reply,https://www.instagram.com/p/CG3g_ifg4FA/
511,marsmarmar,2020-10-28T10:58:32.000Z,ğŸ‰ğŸ‰ğŸ’•,Reply,https://www.instagram.com/p/CG3g_ifg4FA/
512,_bextagram,2020-10-28T11:56:26.000Z,ğŸ™ŒğŸ™ŒğŸ™Œ,Reply,https://www.instagram.com/p/CG3g_ifg4FA/
513,jhawleyjr,2020-10-28T12:10:41.000Z,Thanks ğŸ™ so much Alex for voting Biden/Harris â¤ï¸,Reply,https://www.instagram.com/p/CG3g_ifg4FA/
514,the_formally_bearded_kid,2020-10-28T15:47:54.000Z,RIP,Reply,https://www.instagram.com/p/CG3g_ifg4FA/
515,cassie.ha.dong,2020-10-28T16:57:54.000Z,ğŸ’™ğŸ’™ğŸ’™,Reply,https://www.instagram.com/p/CG3g_ifg4FA/
516,didianacs,2020-10-28T17:34:55.000Z,Yesss baby boi,1 like,https://www.instagram.com/p/CG3g_ifg4FA/
517,wowahalana,2020-10-28T18:48:41.000Z,ğŸ’™ğŸ’™ğŸ’™ğŸŒŠ,Reply,https://www.instagram.com/p/CG3g_ifg4FA/
518,chrisdina0,2020-10-28T19:53:25.000Z,So now my question is how you going to get the sticker off the glasses,Reply,https://www.instagram.com/p/CG3g_ifg4FA/
519,joiedemavie330,2020-10-28T21:17:19.000Z,Yay Alex!! Haha love the sticker placement,Reply,https://www.instagram.com/p/CG3g_ifg4FA/
520,cin_in_sc,2020-10-28T21:51:39.000Z,ğŸ’™ğŸ’™,Reply,https://www.instagram.com/p/CG3g_ifg4FA/
521,twolakura,2020-10-29T00:31:19.000Z,ğŸŠ,Reply,https://www.instagram.com/p/CG3g_ifg4FA/
522,gelibrain07,2020-10-29T04:50:53.000Z,My mom dropped our ballots off a few weeks ago at a local drop box!! ğŸ’—ğŸ™ŒğŸ¼ğŸ™ŒğŸ¼,Reply,https://www.instagram.com/p/CG3g_ifg4FA/
523,angellyy,2020-10-29T06:11:33.000Z,Um ok. Thanks for sharing. Trump will win anyway ğŸ˜‚,Reply,https://www.instagram.com/p/CG3g_ifg4FA/
524,_.coldest._19,2020-10-29T09:58:24.000Z,Your not supposed to tell,Reply,https://www.instagram.com/p/CG3g_ifg4FA/
525,bre.tran,2020-10-29T18:28:01.000Z,Bernie was right when he said democrats are more likely to vote early and by mail ğŸ˜­. Letâ€™s just pray that we can get Biden,Reply,https://www.instagram.com/p/CG3g_ifg4FA/
526,edwardbarsamian,2020-10-29T19:24:19.000Z,Verified,Reply,https://www.instagram.com/p/CG3g_ifg4FA/
527,phommanivong93,2020-11-01T01:59:43.000Z,I voted!,Reply,https://www.instagram.com/p/CG3g_ifg4FA/
528,nochusgram,2020-11-03T01:02:15.000Z,#bidenharris2020 ğŸ’œğŸ’œ,Reply,https://www.instagram.com/p/CG3g_ifg4FA/
529,marinaanglo,2020-11-30T00:31:44.000Z,hi,Reply,https://www.instagram.com/p/CIMdmzPAr7M/
530,shaunp90,2020-11-30T00:38:46.000Z,Picture of you taking a pictureâ—ï¸,Reply,https://www.instagram.com/p/CIMdmzPAr7M/
531,chenpamela,2020-11-30T00:39:23.000Z,Verified,4 likes,https://www.instagram.com/p/CIMdmzPAr7M/
532,hiendnguyen,2020-11-30T00:56:13.000Z,How to crop him out?,Reply,https://www.instagram.com/p/CIMdmzPAr7M/
533,mt0602,2020-11-30T01:06:20.000Z,Alex you can cooking filming and of course you are figure skaterâ›¸ then photographerâ‰ï¸You have so much talent ğŸ˜,1 like,https://www.instagram.com/p/CIMdmzPAr7M/
534,luka_hiromi,2020-11-30T01:22:48.000Z,ğŸ§€ğŸ“·ğŸ˜ŠğŸ˜ğŸ˜¸,Reply,https://www.instagram.com/p/CIMdmzPAr7M/
535,stephanielynnu,2020-11-30T01:49:14.000Z,ğŸ§€,Reply,https://www.instagram.com/p/CIMdmzPAr7M/
536,cluzelle,2020-11-30T01:58:02.000Z,"Wait, I wasnâ€™t ready... ğŸ‘ğŸ‘„ğŸ‘",Reply,https://www.instagram.com/p/CIMdmzPAr7M/
537,nurgul._is,2020-11-30T02:02:04.000Z,Cheese ğŸ§€ Kimbap?,Reply,https://www.instagram.com/p/CIMdmzPAr7M/
538,lupitalunac_,2020-11-30T02:13:00.000Z,ğŸ˜»ğŸ˜»ğŸ˜»ğŸ˜»,Reply,https://www.instagram.com/p/CIMdmzPAr7M/
539,seihituna,2020-11-30T02:31:55.000Z,ğŸ˜,Reply,https://www.instagram.com/p/CIMdmzPAr7M/
540,travelxigloo,2020-11-30T03:02:32.000Z,Can we trade cameras? ğŸ˜„,Reply,https://www.instagram.com/p/CIMdmzPAr7M/
541,eelyn_,2020-11-30T05:03:06.000Z,This kinda has some papa shibutani vibes. Or maybe it's just meğŸ˜‚,Reply,https://www.instagram.com/p/CIMdmzPAr7M/
542,hicco2525,2020-11-30T08:51:35.000Z,ğŸ˜„âœŒï¸,Reply,https://www.instagram.com/p/CIMdmzPAr7M/
543,seiboy28,2020-11-30T09:26:07.000Z,smileâ£ï¸ğŸ˜„âœŒğŸ¼ğŸ’•,Reply,https://www.instagram.com/p/CIMdmzPAr7M/
544,iceman9294,2020-11-30T15:12:23.000Z,Nice rig! ğŸ‘ğŸ¾,Reply,https://www.instagram.com/p/CIMdmzPAr7M/
545,erikcooperadventurist,2020-11-30T18:40:28.000Z,ğŸ”¥ğŸ”¥ğŸ”¥,Reply,https://www.instagram.com/p/CIMdmzPAr7M/
546,fukami.yumi,2020-12-01T00:21:32.000Z,ğŸ˜ğŸ˜,Reply,https://www.instagram.com/p/CIMdmzPAr7M/
547,this_figureskatingmeme,2020-12-01T09:45:18.000Z,"Im lactose intolerant, can i say something else instead of cheese ğŸ‘ğŸ‘„ğŸ‘",Reply,https://www.instagram.com/p/CIMdmzPAr7M/
548,karentanglong,2020-10-12T04:39:35.000Z,"Both fits look good, but thereâ€™s something dreamy about the 2ndğŸ˜‰",1 like,https://www.instagram.com/p/CGOWcY5gPfd/
549,shibsbringlife,2020-10-12T04:47:28.000Z,"Both looks are good, you're so handsome. Just make sure to wear plenty of sunscreen and apply often.",1 like,https://www.instagram.com/p/CGOWcY5gPfd/
550,minxjia,2020-10-12T05:12:10.000Z,ğŸ˜­ğŸ˜­â™¥ï¸ the looks are being served tonight and Iâ€™m dying,1 like,https://www.instagram.com/p/CGOWcY5gPfd/
551,corrie_fong808,2020-10-12T05:44:36.000Z,Asian males look great in anything!!â¤ï¸,3 likes,https://www.instagram.com/p/CGOWcY5gPfd/
552,seihituna,2020-10-12T06:15:21.000Z,ğŸ˜,Reply,https://www.instagram.com/p/CGOWcY5gPfd/
553,jdland623,2020-10-12T07:03:54.000Z,ğŸ’œğŸ’œ,Reply,https://www.instagram.com/p/CGOWcY5gPfd/
554,indi_iindi,2020-10-12T09:27:32.000Z,MODELING KING ğŸ˜»ğŸ˜»ğŸ˜»I LOVE YOU ALEX!!,1 like,https://www.instagram.com/p/CGOWcY5gPfd/
555,xrhodge,2020-10-12T09:33:29.000Z,Verified,1 like,https://www.instagram.com/p/CGOWcY5gPfd/
556,dougpianist,2020-10-12T10:16:28.000Z,Too bad they shut down the only Ralph Lauren/ Polo store in ATL!,Reply,https://www.instagram.com/p/CGOWcY5gPfd/
557,marikangster,2020-10-12T18:06:49.000Z,Omg! Looks great! ğŸ’•I LOVE the sweater!!! And I always thought you could model â˜ºï¸,1 like,https://www.instagram.com/p/CGOWcY5gPfd/
558,jeanneyangstyle,2020-10-13T03:39:50.000Z,Verified,2 likes,https://www.instagram.com/p/CGOWcY5gPfd/
559,trinityychoi,2020-10-13T04:29:55.000Z,he rly said âœ¨one w natureâœ¨,Reply,https://www.instagram.com/p/CGOWcY5gPfd/
560,reycanlasjr,2020-10-13T21:53:14.000Z,BOOM! ğŸ’¥ğŸ˜‚,Reply,https://www.instagram.com/p/CGOWcY5gPfd/
561,wjk_35,2020-10-14T18:34:30.000Z,"Alex, both of those looks are dope!",Reply,https://www.instagram.com/p/CGOWcY5gPfd/
562,pajshoua_tsab,2020-10-14T18:57:03.000Z,Awesome outfits! now I have to buy the same ones for my hubby ğŸ˜ŠğŸ˜Š,Reply,https://www.instagram.com/p/CGOWcY5gPfd/
563,reggaecurl,2020-10-15T15:10:13.000Z,â¤ï¸,Reply,https://www.instagram.com/p/CGOWcY5gPfd/
564,_virginiayoung_,2020-10-17T17:36:55.000Z,Great transition! ğŸ‘ğŸ¼ğŸ˜,Reply,https://www.instagram.com/p/CGOWcY5gPfd/
565,bonikabuwu,2020-10-18T01:49:42.000Z,"I just found you a second ago, but you so fineeeeeâœ¨",Reply,https://www.instagram.com/p/CGOWcY5gPfd/
566,aybaybayjae,2020-10-18T13:26:44.000Z,Swagggggg yo~ğŸ”¥ğŸ”¥ğŸ”¥,Reply,https://www.instagram.com/p/CGOWcY5gPfd/
567,jilldemling,2020-10-18T21:03:21.000Z,Verified,Reply,https://www.instagram.com/p/CGOWcY5gPfd/
568,paulo.eduardo_ciclista,2020-10-19T09:28:22.000Z,??,Reply,https://www.instagram.com/p/CGOWcY5gPfd/
569,paulo.eduardo_ciclista,2020-10-19T09:28:26.000Z,"Kindly check your dm,",Reply,https://www.instagram.com/p/CGOWcY5gPfd/
570,kseniya_1904,2020-10-23T08:25:04.000Z,"Hello, please help the athlete, the champion of Russia on rowing Oleg Jankowska. His son @leohelp20 is sick, he has a rare type 1 SMA disease and needs to get the most expensive shot in the world #zolgensma.only 70 DAYS left ğŸ˜­ ğŸ˜­ ğŸ˜­ There's no time left!!!! Good PEOPLE do not pass by!!!! Save the life of a BABY ğŸ™ ğŸ™ğŸ™ğŸ‡·ğŸ‡ºğŸ‡·ğŸ‡ºğŸ‡·ğŸ‡ºğŸ‡·ğŸ‡ºğŸ‡·ğŸ‡ºğŸ‡·ğŸ‡ºğŸ‡·ğŸ‡ºğŸ‡·ğŸ‡ºğŸ‡·ğŸ‡º #Ğ›ĞµĞ½ÑĞ¶Ğ¸Ğ²Ğ¸ #ÑĞ¼ĞºĞ¾Ğ²ÑĞºĞ¸Ğ¹Ğ»ĞµĞ½Ñ #Ğ»ĞµĞ½ÑÑĞ¼ĞºĞ¾Ğ²ÑĞºĞ¸Ğ¹",Reply,https://www.instagram.com/p/CGOWcY5gPfd/
571,marinaanglo,2020-11-30T00:31:44.000Z,hi,Reply,https://www.instagram.com/p/CIMdmzPAr7M/
572,shaunp90,2020-11-30T00:38:46.000Z,Picture of you taking a pictureâ—ï¸,Reply,https://www.instagram.com/p/CIMdmzPAr7M/
573,chenpamela,2020-11-30T00:39:23.000Z,Verified,4 likes,https://www.instagram.com/p/CIMdmzPAr7M/
574,hiendnguyen,2020-11-30T00:56:13.000Z,How to crop him out?,Reply,https://www.instagram.com/p/CIMdmzPAr7M/
575,mt0602,2020-11-30T01:06:20.000Z,Alex you can cooking filming and of course you are figure skaterâ›¸ then photographerâ‰ï¸You have so much talent ğŸ˜,1 like,https://www.instagram.com/p/CIMdmzPAr7M/
576,luka_hiromi,2020-11-30T01:22:48.000Z,ğŸ§€ğŸ“·ğŸ˜ŠğŸ˜ğŸ˜¸,Reply,https://www.instagram.com/p/CIMdmzPAr7M/
577,stephanielynnu,2020-11-30T01:49:14.000Z,ğŸ§€,Reply,https://www.instagram.com/p/CIMdmzPAr7M/
578,cluzelle,2020-11-30T01:58:02.000Z,"Wait, I wasnâ€™t ready... ğŸ‘ğŸ‘„ğŸ‘",Reply,https://www.instagram.com/p/CIMdmzPAr7M/
579,nurgul._is,2020-11-30T02:02:04.000Z,Cheese ğŸ§€ Kimbap?,Reply,https://www.instagram.com/p/CIMdmzPAr7M/
580,lupitalunac_,2020-11-30T02:13:00.000Z,ğŸ˜»ğŸ˜»ğŸ˜»ğŸ˜»,Reply,https://www.instagram.com/p/CIMdmzPAr7M/
581,seihituna,2020-11-30T02:31:55.000Z,ğŸ˜,Reply,https://www.instagram.com/p/CIMdmzPAr7M/
582,travelxigloo,2020-11-30T03:02:32.000Z,Can we trade cameras? ğŸ˜„,Reply,https://www.instagram.com/p/CIMdmzPAr7M/
583,eelyn_,2020-11-30T05:03:06.000Z,This kinda has some papa shibutani vibes. Or maybe it's just meğŸ˜‚,Reply,https://www.instagram.com/p/CIMdmzPAr7M/
584,hicco2525,2020-11-30T08:51:35.000Z,ğŸ˜„âœŒï¸,Reply,https://www.instagram.com/p/CIMdmzPAr7M/
585,seiboy28,2020-11-30T09:26:07.000Z,smileâ£ï¸ğŸ˜„âœŒğŸ¼ğŸ’•,Reply,https://www.instagram.com/p/CIMdmzPAr7M/
586,iceman9294,2020-11-30T15:12:23.000Z,Nice rig! ğŸ‘ğŸ¾,Reply,https://www.instagram.com/p/CIMdmzPAr7M/
587,erikcooperadventurist,2020-11-30T18:40:28.000Z,ğŸ”¥ğŸ”¥ğŸ”¥,Reply,https://www.instagram.com/p/CIMdmzPAr7M/
588,fukami.yumi,2020-12-01T00:21:32.000Z,ğŸ˜ğŸ˜,Reply,https://www.instagram.com/p/CIMdmzPAr7M/
589,this_figureskatingmeme,2020-12-01T09:45:18.000Z,"Im lactose intolerant, can i say something else instead of cheese ğŸ‘ğŸ‘„ğŸ‘",Reply,https://www.instagram.com/p/CIMdmzPAr7M/
590,anya.galloway.taylor,2020-12-16T02:16:38.000Z,scallops,1 like,https://www.instagram.com/p/CI12mmLg5Nl/
591,passiondrivesthedream,2020-12-16T02:32:20.000Z,"Metallics, italics",3 likes,https://www.instagram.com/p/CI12mmLg5Nl/
592,shibutani_real_fanpage,2020-12-16T03:26:29.000Z,Hehe that's so cool ğŸ˜ŠğŸ˜ğŸ‘,Reply,https://www.instagram.com/p/CI12mmLg5Nl/
593,science_chipmunk,2020-12-16T06:58:28.000Z,T. Rex ğŸ¦–,Reply,https://www.instagram.com/p/CI12mmLg5Nl/
594,bertierose,2020-12-16T07:07:23.000Z,Zane Malik on Alex,1 like,https://www.instagram.com/p/CI12mmLg5Nl/
595,rayyychel_,2020-12-16T07:31:33.000Z,Rolex âŒšï¸,Reply,https://www.instagram.com/p/CI12mmLg5Nl/
596,kathryntannert,2020-12-16T08:11:19.000Z,Thatâ€™s where I would go. What a wonderful landscape!,Reply,https://www.instagram.com/p/CI12mmLg5Nl/
597,xsimplethingsx,2020-12-16T08:35:20.000Z,phallics... ?,Reply,https://www.instagram.com/p/CI12mmLg5Nl/
598,omo.mochi,2020-12-16T09:24:56.000Z,Whatta â€˜bout a Tortellini on top of Shibutani? Bam.ğŸ‘,Reply,https://www.instagram.com/p/CI12mmLg5Nl/
599,jdstirlingwolf,2020-10-28T06:29:51.000Z,So did I,1 like,https://www.instagram.com/p/CG3g_ifg4FA/
600,torriiee_01,2020-10-28T07:41:20.000Z,Modern Educayshun - Neel Kolhatkar,Reply,https://www.instagram.com/p/CG3g_ifg4FA/
601,steve.arthur.lv,2020-10-28T08:47:43.000Z,Kudos!!!,Reply,https://www.instagram.com/p/CG3g_ifg4FA/
602,axelsvenmg,2020-10-28T08:48:58.000Z,good decision,Reply,https://www.instagram.com/p/CG3g_ifg4FA/
603,toshihiroiijlma,2020-10-28T10:54:14.000Z,â¤ï¸â¤ï¸â¤ï¸,Reply,https://www.instagram.com/p/CG3g_ifg4FA/
604,marsmarmar,2020-10-28T10:58:32.000Z,ğŸ‰ğŸ‰ğŸ’•,Reply,https://www.instagram.com/p/CG3g_ifg4FA/
605,_bextagram,2020-10-28T11:56:26.000Z,ğŸ™ŒğŸ™ŒğŸ™Œ,Reply,https://www.instagram.com/p/CG3g_ifg4FA/
606,jhawleyjr,2020-10-28T12:10:41.000Z,Thanks ğŸ™ so much Alex for voting Biden/Harris â¤ï¸,Reply,https://www.instagram.com/p/CG3g_ifg4FA/
607,the_formally_bearded_kid,2020-10-28T15:47:54.000Z,RIP,Reply,https://www.instagram.com/p/CG3g_ifg4FA/
608,cassie.ha.dong,2020-10-28T16:57:54.000Z,ğŸ’™ğŸ’™ğŸ’™,Reply,https://www.instagram.com/p/CG3g_ifg4FA/
609,didianacs,2020-10-28T17:34:55.000Z,Yesss baby boi,1 like,https://www.instagram.com/p/CG3g_ifg4FA/
610,wowahalana,2020-10-28T18:48:41.000Z,ğŸ’™ğŸ’™ğŸ’™ğŸŒŠ,Reply,https://www.instagram.com/p/CG3g_ifg4FA/
611,chrisdina0,2020-10-28T19:53:25.000Z,So now my question is how you going to get the sticker off the glasses,Reply,https://www.instagram.com/p/CG3g_ifg4FA/
612,joiedemavie330,2020-10-28T21:17:19.000Z,Yay Alex!! Haha love the sticker placement,Reply,https://www.instagram.com/p/CG3g_ifg4FA/
613,cin_in_sc,2020-10-28T21:51:39.000Z,ğŸ’™ğŸ’™,Reply,https://www.instagram.com/p/CG3g_ifg4FA/
614,twolakura,2020-10-29T00:31:19.000Z,ğŸŠ,Reply,https://www.instagram.com/p/CG3g_ifg4FA/
615,gelibrain07,2020-10-29T04:50:53.000Z,My mom dropped our ballots off a few weeks ago at a local drop box!! ğŸ’—ğŸ™ŒğŸ¼ğŸ™ŒğŸ¼,Reply,https://www.instagram.com/p/CG3g_ifg4FA/
616,angellyy,2020-10-29T06:11:33.000Z,Um ok. Thanks for sharing. Trump will win anyway ğŸ˜‚,Reply,https://www.instagram.com/p/CG3g_ifg4FA/
617,_.coldest._19,2020-10-29T09:58:24.000Z,Your not supposed to tell,Reply,https://www.instagram.com/p/CG3g_ifg4FA/
618,bre.tran,2020-10-29T18:28:01.000Z,Bernie was right when he said democrats are more likely to vote early and by mail ğŸ˜­. Letâ€™s just pray that we can get Biden,Reply,https://www.instagram.com/p/CG3g_ifg4FA/
619,edwardbarsamian,2020-10-29T19:24:19.000Z,Verified,Reply,https://www.instagram.com/p/CG3g_ifg4FA/
620,phommanivong93,2020-11-01T01:59:43.000Z,I voted!,Reply,https://www.instagram.com/p/CG3g_ifg4FA/
621,nochusgram,2020-11-03T01:02:15.000Z,#bidenharris2020 ğŸ’œğŸ’œ,Reply,https://www.instagram.com/p/CG3g_ifg4FA/
622,nurgul._is,2020-12-23T11:23:04.000Z,Looking good butâ˜ğŸ» gray makes you look desperate.Not your color. It doesn't suit you.,Reply,https://www.instagram.com/p/CJHzeTCgzHC/
623,harryshumjr,2020-12-23T15:28:31.000Z,Verified,2 likes,https://www.instagram.com/p/CJHzeTCgzHC/
624,kcharp9,2020-12-23T15:29:38.000Z,Smoking hot.,Reply,https://www.instagram.com/p/CJHzeTCgzHC/
625,lumaslua,2020-12-23T15:48:20.000Z,Passo mal,Reply,https://www.instagram.com/p/CJHzeTCgzHC/
626,ncrooked,2020-12-23T16:16:21.000Z,Yesssssss,Reply,https://www.instagram.com/p/CJHzeTCgzHC/
627,thisisrobort,2020-12-23T17:18:59.000Z,"Amazing, looking cool ğŸ˜ when the season holiday is arriving...",Reply,https://www.instagram.com/p/CJHzeTCgzHC/
628,edwardbarsamian,2020-12-23T17:36:44.000Z,Verified,1 like,https://www.instagram.com/p/CJHzeTCgzHC/
629,brogen_kentt,2020-12-23T18:54:42.000Z,Check your inboxâ¤ï¸,Reply,https://www.instagram.com/p/CJHzeTCgzHC/
630,dillonlee,2020-12-23T19:01:18.000Z,Woof!!,Reply,https://www.instagram.com/p/CJHzeTCgzHC/
631,ozmodiar,2020-12-23T19:58:23.000Z,You should always have your hands in your pockets while wearing this sweater,Reply,https://www.instagram.com/p/CJHzeTCgzHC/
632,raisethatgrade,2020-12-23T20:27:02.000Z,â¤ï¸red. Hat lady,Reply,https://www.instagram.com/p/CJHzeTCgzHC/
633,giovana.barbozadematos,2020-12-23T21:34:01.000Z,Perfeito.,Reply,https://www.instagram.com/p/CJHzeTCgzHC/
634,life_continues_yaya,2020-12-24T03:00:03.000Z,"You look handsome in both outfits ,it really suits you ğŸ˜„ğŸ‘ğŸ˜",Reply,https://www.instagram.com/p/CJHzeTCgzHC/
635,shibutani_real_fanpage,2020-12-24T03:05:38.000Z,"Oh, very dapper... and the bear too! ğŸ˜",Reply,https://www.instagram.com/p/CJHzeTCgzHC/
636,_nomadjohn,2020-12-24T04:49:50.000Z,Happy holidays ğŸ‰,Reply,https://www.instagram.com/p/CJHzeTCgzHC/
637,erzsebet_cathory,2020-12-24T06:47:31.000Z,"Damn, Alex! Save some sexy for the rest of us!",Reply,https://www.instagram.com/p/CJHzeTCgzHC/
638,arden_cho,2020-12-24T08:28:23.000Z,Verified,3 likes,https://www.instagram.com/p/CJHzeTCgzHC/
639,hershey56,2020-12-24T16:39:02.000Z,I miss you and your sister on the Ice.,Reply,https://www.instagram.com/p/CJHzeTCgzHC/
640,shibsbringlife,2020-12-24T18:52:21.000Z,Handsome!,1 like,https://www.instagram.com/p/CJHzeTCgzHC/
641,yennimahecha,2020-12-31T02:31:33.000Z,Handsome ğŸ˜‰,Reply,https://www.instagram.com/p/CJHzeTCgzHC/
642,15.noe_mi,2021-01-16T04:41:29.000Z,ğŸ˜ğŸ˜ğŸ˜,Reply,https://www.instagram.com/p/CJHzeTCgzHC/
643,madhatter14651,2021-02-17T08:13:51.000Z,Giving me idol vibes,Reply,https://www.instagram.com/p/CJHzeTCgzHC/
644,_parkerjams_,2020-12-28T23:44:54.000Z,ğŸª‘,1 like,https://www.instagram.com/p/CJXD3Byg_DS/
645,_yang.ger_,2020-12-28T23:49:34.000Z,spinny-rolly chairs are elite,Reply,https://www.instagram.com/p/CJXD3Byg_DS/
646,lupitalunac_,2020-12-29T00:02:08.000Z,ğŸ¥ºğŸ¥ºğŸ¥º,1 like,https://www.instagram.com/p/CJXD3Byg_DS/
647,chenpamela,2020-12-29T00:10:58.000Z,Verified,1 like,https://www.instagram.com/p/CJXD3Byg_DS/
648,jabbalikespho,2020-12-29T00:21:09.000Z,Hey Alex!!!,Reply,https://www.instagram.com/p/CJXD3Byg_DS/
649,mariela_tova,2020-12-29T01:25:36.000Z,Cool,Reply,https://www.instagram.com/p/CJXD3Byg_DS/
650,taylor_braasch,2020-12-29T02:01:15.000Z,"Grogu is the best baby boi,,, and Iâ€™ve really enjoyed the Mandalorian this season.ğŸ¥ºâœ¨",Reply,https://www.instagram.com/p/CJXD3Byg_DS/
651,alexrexmisi2002,2020-12-29T02:28:45.000Z,Right!ğŸ˜,Reply,https://www.instagram.com/p/CJXD3Byg_DS/
652,majumder.kajol,2020-12-29T03:24:32.000Z,Woooww,Reply,https://www.instagram.com/p/CJXD3Byg_DS/
653,fant.onetti,2020-12-29T05:06:16.000Z,I just finished watching season 2 today. Iâ€™m shook,Reply,https://www.instagram.com/p/CJXD3Byg_DS/
654,edwinc.moses,2020-12-29T07:23:37.000Z,Verified,1 like,https://www.instagram.com/p/CJXD3Byg_DS/
655,phommanivong93,2020-12-30T02:46:44.000Z,Heyy mann. Fail until you don't by Bobby Bones. My book recommendation!,Reply,https://www.instagram.com/p/CJXD3Byg_DS/
656,opera_singer89,2020-12-30T08:32:22.000Z,Awww baby yoda ğŸ˜­,Reply,https://www.instagram.com/p/CJXD3Byg_DS/
0,billkarz,2020-12-20T01:14:56.000Z,Jealous!,1 like,https://www.instagram.com/p/CJACzzqgIYN/
1,igloosunday,2020-12-20T01:16:02.000Z,Wonderful! Do Big Sur / Pfeiffer Beach / McWay Falls next!! :),1 like,https://www.instagram.com/p/CJACzzqgIYN/
2,tara.m.carey,2020-12-20T03:00:10.000Z,yo....this kinda beautiful tho ğŸ˜³,1 like,https://www.instagram.com/p/CJACzzqgIYN/
3,majumder.kajol,2020-12-20T03:07:02.000Z,WooowwğŸ˜³ğŸ˜³ğŸ˜ğŸ˜ğŸ˜,1 like,https://www.instagram.com/p/CJACzzqgIYN/
4,beatrizbrochier,2020-12-20T03:55:11.000Z,ğŸ¥‡ğŸ¥‡ğŸ¥‡ğŸ¥‡ğŸ¥‡ğŸ¥‡,1 like,https://www.instagram.com/p/CJACzzqgIYN/
5,jocelynphuong,2020-12-20T05:08:12.000Z,These r such beautiful shots!!! ğŸ¤©,1 like,https://www.instagram.com/p/CJACzzqgIYN/
6,perihango,2020-12-20T05:22:09.000Z,GreatğŸ‘ğŸ‘ğŸ‘ğŸ˜ŠğŸ˜ŠğŸ˜Š @alexshibutani,1 like,https://www.instagram.com/p/CJACzzqgIYN/
7,nurgul._is,2020-12-20T07:37:54.000Z,Beautiful ğŸ˜ğŸ‘,1 like,https://www.instagram.com/p/CJACzzqgIYN/
8,janetyangofficial,2020-12-20T08:55:21.000Z,Amazing photos!!!â¤ï¸ğŸ‘ğŸ¼ğŸ™,1 like,https://www.instagram.com/p/CJACzzqgIYN/
9,lupitalunac_,2020-12-20T09:05:57.000Z,ğŸ˜ğŸ˜ğŸ˜ğŸ˜ğŸ˜,1 like,https://www.instagram.com/p/CJACzzqgIYN/
10,tensai532,2020-12-20T20:00:33.000Z,Woaaaahhhh btw Kevin from UKiss liked your pic?!?!? I'm so curious as to how many celeb friends you knowwww,Reply,https://www.instagram.com/p/CJACzzqgIYN/
11,_kirachen,2020-12-21T00:39:30.000Z,this is so cool!! ğŸ”¥ğŸ”¥ğŸ”¥,Reply,https://www.instagram.com/p/CJACzzqgIYN/
